id,label
test_00001.jpg,sad
test_00002.jpg,happy
test_00003.jpg,neutral
test_00004.jpg,neutral
test_00005.jpg,fear
test_00006.jpg,fear
test_00007.jpg,neutral
test_00008.jpg,sad
test_00009.jpg,fear
test_00010.jpg,fear
test_00011.jpg,fear
test_00012.jpg,disgust
test_00013.jpg,angry
test_00014.jpg,happy
test_00015.jpg,happy
test_00016.jpg,disgust
test_00017.jpg,neutral
test_00018.jpg,happy
test_00019.jpg,sad
test_00020.jpg,angry
test_00021.jpg,surprise
test_00022.jpg,neutral
test_00023.jpg,neutral
test_00024.jpg,neutral
test_00025.jpg,neutral
test_00026.jpg,neutral
test_00027.jpg,fear
test_00028.jpg,angry
test_00029.jpg,sad
test_00030.jpg,sad
test_00031.jpg,angry
test_00032.jpg,fear
test_00033.jpg,angry
test_00034.jpg,sad
test_00035.jpg,fear
test_00036.jpg,angry
test_00037.jpg,angry
test_00038.jpg,happy
test_00039.jpg,surprise
test_00040.jpg,happy
test_00041.jpg,sad
test_00042.jpg,happy
test_00043.jpg,neutral
test_00044.jpg,fear
test_00045.jpg,surprise
test_00046.jpg,surprise
test_00047.jpg,fear
test_00048.jpg,surprise
test_00049.jpg,surprise
test_00050.jpg,happy
test_00051.jpg,angry
test_00052.jpg,surprise
test_00053.jpg,happy
test_00054.jpg,happy
test_00055.jpg,disgust
test_00056.jpg,sad
test_00057.jpg,sad
test_00058.jpg,happy
test_00059.jpg,happy
test_00060.jpg,neutral
test_00061.jpg,neutral
test_00062.jpg,happy
test_00063.jpg,surprise
test_00064.jpg,happy
test_00065.jpg,surprise
test_00066.jpg,neutral
test_00067.jpg,happy
test_00068.jpg,surprise
test_00069.jpg,fear
test_00070.jpg,fear
test_00071.jpg,fear
test_00072.jpg,surprise
test_00073.jpg,fear
test_00074.jpg,fear
test_00075.jpg,happy
test_00076.jpg,neutral
test_00077.jpg,happy
test_00078.jpg,surprise
test_00079.jpg,happy
test_00080.jpg,angry
test_00081.jpg,surprise
test_00082.jpg,surprise
test_00083.jpg,neutral
test_00084.jpg,sad
test_00085.jpg,happy
test_00086.jpg,fear
test_00087.jpg,surprise
test_00088.jpg,sad
test_00089.jpg,neutral
test_00090.jpg,angry
test_00091.jpg,neutral
test_00092.jpg,neutral
test_00093.jpg,happy
test_00094.jpg,surprise
test_00095.jpg,happy
test_00096.jpg,happy
test_00097.jpg,angry
test_00098.jpg,angry
test_00099.jpg,happy
test_00100.jpg,surprise
test_00101.jpg,happy
test_00102.jpg,happy
test_00103.jpg,angry
test_00104.jpg,neutral
test_00105.jpg,fear
test_00106.jpg,angry
test_00107.jpg,surprise
test_00108.jpg,happy
test_00109.jpg,sad
test_00110.jpg,sad
test_00111.jpg,surprise
test_00112.jpg,neutral
test_00113.jpg,neutral
test_00114.jpg,angry
test_00115.jpg,angry
test_00116.jpg,angry
test_00117.jpg,fear
test_00118.jpg,neutral
test_00119.jpg,happy
test_00120.jpg,surprise
test_00121.jpg,angry
test_00122.jpg,sad
test_00123.jpg,happy
test_00124.jpg,happy
test_00125.jpg,neutral
test_00126.jpg,surprise
test_00127.jpg,sad
test_00128.jpg,fear
test_00129.jpg,neutral
test_00130.jpg,surprise
test_00131.jpg,fear
test_00132.jpg,neutral
test_00133.jpg,surprise
test_00134.jpg,angry
test_00135.jpg,angry
test_00136.jpg,neutral
test_00137.jpg,happy
test_00138.jpg,fear
test_00139.jpg,surprise
test_00140.jpg,neutral
test_00141.jpg,sad
test_00142.jpg,fear
test_00143.jpg,sad
test_00144.jpg,neutral
test_00145.jpg,happy
test_00146.jpg,angry
test_00147.jpg,neutral
test_00148.jpg,sad
test_00149.jpg,angry
test_00150.jpg,neutral
test_00151.jpg,happy
test_00152.jpg,surprise
test_00153.jpg,sad
test_00154.jpg,neutral
test_00155.jpg,fear
test_00156.jpg,sad
test_00157.jpg,happy
test_00158.jpg,sad
test_00159.jpg,neutral
test_00160.jpg,happy
test_00161.jpg,fear
test_00162.jpg,surprise
test_00163.jpg,neutral
test_00164.jpg,angry
test_00165.jpg,neutral
test_00166.jpg,surprise
test_00167.jpg,sad
test_00168.jpg,surprise
test_00169.jpg,surprise
test_00170.jpg,surprise
test_00171.jpg,fear
test_00172.jpg,sad
test_00173.jpg,happy
test_00174.jpg,neutral
test_00175.jpg,happy
test_00176.jpg,happy
test_00177.jpg,fear
test_00178.jpg,disgust
test_00179.jpg,fear
test_00180.jpg,happy
test_00181.jpg,happy
test_00182.jpg,neutral
test_00183.jpg,sad
test_00184.jpg,happy
test_00185.jpg,happy
test_00186.jpg,angry
test_00187.jpg,neutral
test_00188.jpg,happy
test_00189.jpg,sad
test_00190.jpg,neutral
test_00191.jpg,neutral
test_00192.jpg,fear
test_00193.jpg,fear
test_00194.jpg,angry
test_00195.jpg,neutral
test_00196.jpg,sad
test_00197.jpg,sad
test_00198.jpg,angry
test_00199.jpg,neutral
test_00200.jpg,neutral
test_00201.jpg,sad
test_00202.jpg,happy
test_00203.jpg,sad
test_00204.jpg,surprise
test_00205.jpg,happy
test_00206.jpg,fear
test_00207.jpg,neutral
test_00208.jpg,sad
test_00209.jpg,angry
test_00210.jpg,surprise
test_00211.jpg,angry
test_00212.jpg,happy
test_00213.jpg,neutral
test_00214.jpg,happy
test_00215.jpg,sad
test_00216.jpg,happy
test_00217.jpg,neutral
test_00218.jpg,surprise
test_00219.jpg,neutral
test_00220.jpg,surprise
test_00221.jpg,happy
test_00222.jpg,neutral
test_00223.jpg,sad
test_00224.jpg,angry
test_00225.jpg,surprise
test_00226.jpg,sad
test_00227.jpg,sad
test_00228.jpg,fear
test_00229.jpg,angry
test_00230.jpg,happy
test_00231.jpg,angry
test_00232.jpg,fear
test_00233.jpg,sad
test_00234.jpg,angry
test_00235.jpg,neutral
test_00236.jpg,sad
test_00237.jpg,surprise
test_00238.jpg,happy
test_00239.jpg,happy
test_00240.jpg,happy
test_00241.jpg,happy
test_00242.jpg,happy
test_00243.jpg,happy
test_00244.jpg,sad
test_00245.jpg,sad
test_00246.jpg,fear
test_00247.jpg,fear
test_00248.jpg,fear
test_00249.jpg,neutral
test_00250.jpg,neutral
test_00251.jpg,neutral
test_00252.jpg,neutral
test_00253.jpg,angry
test_00254.jpg,angry
test_00255.jpg,angry
test_00256.jpg,neutral
test_00257.jpg,neutral
test_00258.jpg,neutral
test_00259.jpg,fear
test_00260.jpg,neutral
test_00261.jpg,happy
test_00262.jpg,happy
test_00263.jpg,sad
test_00264.jpg,sad
test_00265.jpg,happy
test_00266.jpg,sad
test_00267.jpg,sad
test_00268.jpg,neutral
test_00269.jpg,happy
test_00270.jpg,neutral
test_00271.jpg,angry
test_00272.jpg,sad
test_00273.jpg,fear
test_00274.jpg,fear
test_00275.jpg,angry
test_00276.jpg,sad
test_00277.jpg,sad
test_00278.jpg,happy
test_00279.jpg,surprise
test_00280.jpg,happy
test_00281.jpg,fear
test_00282.jpg,happy
test_00283.jpg,happy
test_00284.jpg,happy
test_00285.jpg,fear
test_00286.jpg,happy
test_00287.jpg,neutral
test_00288.jpg,surprise
test_00289.jpg,angry
test_00290.jpg,angry
test_00291.jpg,neutral
test_00292.jpg,neutral
test_00293.jpg,angry
test_00294.jpg,fear
test_00295.jpg,sad
test_00296.jpg,neutral
test_00297.jpg,happy
test_00298.jpg,happy
test_00299.jpg,neutral
test_00300.jpg,disgust
test_00301.jpg,fear
test_00302.jpg,disgust
test_00303.jpg,neutral
test_00304.jpg,sad
test_00305.jpg,happy
test_00306.jpg,angry
test_00307.jpg,happy
test_00308.jpg,sad
test_00309.jpg,sad
test_00310.jpg,sad
test_00311.jpg,fear
test_00312.jpg,sad
test_00313.jpg,neutral
test_00314.jpg,sad
test_00315.jpg,angry
test_00316.jpg,happy
test_00317.jpg,sad
test_00318.jpg,fear
test_00319.jpg,disgust
test_00320.jpg,happy
test_00321.jpg,sad
test_00322.jpg,sad
test_00323.jpg,surprise
test_00324.jpg,happy
test_00325.jpg,neutral
test_00326.jpg,sad
test_00327.jpg,happy
test_00328.jpg,happy
test_00329.jpg,surprise
test_00330.jpg,fear
test_00331.jpg,neutral
test_00332.jpg,neutral
test_00333.jpg,surprise
test_00334.jpg,surprise
test_00335.jpg,sad
test_00336.jpg,happy
test_00337.jpg,surprise
test_00338.jpg,happy
test_00339.jpg,happy
test_00340.jpg,happy
test_00341.jpg,neutral
test_00342.jpg,happy
test_00343.jpg,sad
test_00344.jpg,fear
test_00345.jpg,sad
test_00346.jpg,surprise
test_00347.jpg,neutral
test_00348.jpg,sad
test_00349.jpg,happy
test_00350.jpg,happy
test_00351.jpg,neutral
test_00352.jpg,happy
test_00353.jpg,happy
test_00354.jpg,happy
test_00355.jpg,sad
test_00356.jpg,happy
test_00357.jpg,fear
test_00358.jpg,neutral
test_00359.jpg,neutral
test_00360.jpg,sad
test_00361.jpg,happy
test_00362.jpg,sad
test_00363.jpg,surprise
test_00364.jpg,happy
test_00365.jpg,neutral
test_00366.jpg,fear
test_00367.jpg,happy
test_00368.jpg,angry
test_00369.jpg,sad
test_00370.jpg,disgust
test_00371.jpg,neutral
test_00372.jpg,neutral
test_00373.jpg,sad
test_00374.jpg,disgust
test_00375.jpg,fear
test_00376.jpg,fear
test_00377.jpg,happy
test_00378.jpg,sad
test_00379.jpg,surprise
test_00380.jpg,surprise
test_00381.jpg,neutral
test_00382.jpg,angry
test_00383.jpg,angry
test_00384.jpg,neutral
test_00385.jpg,neutral
test_00386.jpg,happy
test_00387.jpg,happy
test_00388.jpg,happy
test_00389.jpg,sad
test_00390.jpg,neutral
test_00391.jpg,neutral
test_00392.jpg,neutral
test_00393.jpg,neutral
test_00394.jpg,neutral
test_00395.jpg,neutral
test_00396.jpg,happy
test_00397.jpg,happy
test_00398.jpg,sad
test_00399.jpg,sad
test_00400.jpg,fear
test_00401.jpg,neutral
test_00402.jpg,sad
test_00403.jpg,neutral
test_00404.jpg,happy
test_00405.jpg,happy
test_00406.jpg,angry
test_00407.jpg,fear
test_00408.jpg,neutral
test_00409.jpg,neutral
test_00410.jpg,sad
test_00411.jpg,angry
test_00412.jpg,angry
test_00413.jpg,sad
test_00414.jpg,sad
test_00415.jpg,disgust
test_00416.jpg,neutral
test_00417.jpg,angry
test_00418.jpg,happy
test_00419.jpg,happy
test_00420.jpg,surprise
test_00421.jpg,fear
test_00422.jpg,neutral
test_00423.jpg,sad
test_00424.jpg,surprise
test_00425.jpg,sad
test_00426.jpg,neutral
test_00427.jpg,happy
test_00428.jpg,sad
test_00429.jpg,sad
test_00430.jpg,neutral
test_00431.jpg,neutral
test_00432.jpg,sad
test_00433.jpg,neutral
test_00434.jpg,happy
test_00435.jpg,neutral
test_00436.jpg,fear
test_00437.jpg,neutral
test_00438.jpg,angry
test_00439.jpg,sad
test_00440.jpg,fear
test_00441.jpg,happy
test_00442.jpg,neutral
test_00443.jpg,angry
test_00444.jpg,neutral
test_00445.jpg,happy
test_00446.jpg,sad
test_00447.jpg,surprise
test_00448.jpg,fear
test_00449.jpg,happy
test_00450.jpg,surprise
test_00451.jpg,sad
test_00452.jpg,neutral
test_00453.jpg,surprise
test_00454.jpg,happy
test_00455.jpg,surprise
test_00456.jpg,sad
test_00457.jpg,angry
test_00458.jpg,angry
test_00459.jpg,fear
test_00460.jpg,sad
test_00461.jpg,happy
test_00462.jpg,surprise
test_00463.jpg,neutral
test_00464.jpg,angry
test_00465.jpg,fear
test_00466.jpg,sad
test_00467.jpg,happy
test_00468.jpg,fear
test_00469.jpg,angry
test_00470.jpg,angry
test_00471.jpg,angry
test_00472.jpg,surprise
test_00473.jpg,surprise
test_00474.jpg,neutral
test_00475.jpg,sad
test_00476.jpg,neutral
test_00477.jpg,happy
test_00478.jpg,fear
test_00479.jpg,happy
test_00480.jpg,neutral
test_00481.jpg,sad
test_00482.jpg,surprise
test_00483.jpg,neutral
test_00484.jpg,happy
test_00485.jpg,angry
test_00486.jpg,angry
test_00487.jpg,fear
test_00488.jpg,sad
test_00489.jpg,surprise
test_00490.jpg,surprise
test_00491.jpg,sad
test_00492.jpg,happy
test_00493.jpg,disgust
test_00494.jpg,neutral
test_00495.jpg,happy
test_00496.jpg,neutral
test_00497.jpg,fear
test_00498.jpg,neutral
test_00499.jpg,happy
test_00500.jpg,happy
test_00501.jpg,angry
test_00502.jpg,sad
test_00503.jpg,fear
test_00504.jpg,neutral
test_00505.jpg,angry
test_00506.jpg,neutral
test_00507.jpg,happy
test_00508.jpg,sad
test_00509.jpg,surprise
test_00510.jpg,happy
test_00511.jpg,happy
test_00512.jpg,happy
test_00513.jpg,fear
test_00514.jpg,fear
test_00515.jpg,angry
test_00516.jpg,sad
test_00517.jpg,angry
test_00518.jpg,happy
test_00519.jpg,surprise
test_00520.jpg,happy
test_00521.jpg,surprise
test_00522.jpg,happy
test_00523.jpg,fear
test_00524.jpg,neutral
test_00525.jpg,angry
test_00526.jpg,happy
test_00527.jpg,fear
test_00528.jpg,neutral
test_00529.jpg,neutral
test_00530.jpg,happy
test_00531.jpg,surprise
test_00532.jpg,happy
test_00533.jpg,neutral
test_00534.jpg,sad
test_00535.jpg,surprise
test_00536.jpg,disgust
test_00537.jpg,happy
test_00538.jpg,angry
test_00539.jpg,sad
test_00540.jpg,neutral
test_00541.jpg,angry
test_00542.jpg,fear
test_00543.jpg,happy
test_00544.jpg,surprise
test_00545.jpg,fear
test_00546.jpg,neutral
test_00547.jpg,neutral
test_00548.jpg,angry
test_00549.jpg,fear
test_00550.jpg,happy
test_00551.jpg,fear
test_00552.jpg,neutral
test_00553.jpg,neutral
test_00554.jpg,happy
test_00555.jpg,happy
test_00556.jpg,angry
test_00557.jpg,happy
test_00558.jpg,angry
test_00559.jpg,fear
test_00560.jpg,neutral
test_00561.jpg,fear
test_00562.jpg,happy
test_00563.jpg,angry
test_00564.jpg,sad
test_00565.jpg,surprise
test_00566.jpg,neutral
test_00567.jpg,neutral
test_00568.jpg,neutral
test_00569.jpg,sad
test_00570.jpg,neutral
test_00571.jpg,surprise
test_00572.jpg,fear
test_00573.jpg,fear
test_00574.jpg,neutral
test_00575.jpg,surprise
test_00576.jpg,disgust
test_00577.jpg,sad
test_00578.jpg,surprise
test_00579.jpg,happy
test_00580.jpg,sad
test_00581.jpg,sad
test_00582.jpg,sad
test_00583.jpg,fear
test_00584.jpg,neutral
test_00585.jpg,surprise
test_00586.jpg,surprise
test_00587.jpg,neutral
test_00588.jpg,sad
test_00589.jpg,sad
test_00590.jpg,happy
test_00591.jpg,surprise
test_00592.jpg,sad
test_00593.jpg,surprise
test_00594.jpg,happy
test_00595.jpg,surprise
test_00596.jpg,sad
test_00597.jpg,happy
test_00598.jpg,happy
test_00599.jpg,neutral
test_00600.jpg,surprise
test_00601.jpg,neutral
test_00602.jpg,angry
test_00603.jpg,happy
test_00604.jpg,angry
test_00605.jpg,disgust
test_00606.jpg,happy
test_00607.jpg,disgust
test_00608.jpg,neutral
test_00609.jpg,surprise
test_00610.jpg,sad
test_00611.jpg,angry
test_00612.jpg,happy
test_00613.jpg,angry
test_00614.jpg,happy
test_00615.jpg,angry
test_00616.jpg,neutral
test_00617.jpg,neutral
test_00618.jpg,surprise
test_00619.jpg,neutral
test_00620.jpg,sad
test_00621.jpg,sad
test_00622.jpg,surprise
test_00623.jpg,angry
test_00624.jpg,surprise
test_00625.jpg,sad
test_00626.jpg,sad
test_00627.jpg,neutral
test_00628.jpg,happy
test_00629.jpg,fear
test_00630.jpg,happy
test_00631.jpg,surprise
test_00632.jpg,neutral
test_00633.jpg,fear
test_00634.jpg,neutral
test_00635.jpg,sad
test_00636.jpg,happy
test_00637.jpg,surprise
test_00638.jpg,sad
test_00639.jpg,angry
test_00640.jpg,happy
test_00641.jpg,neutral
test_00642.jpg,surprise
test_00643.jpg,surprise
test_00644.jpg,angry
test_00645.jpg,disgust
test_00646.jpg,surprise
test_00647.jpg,sad
test_00648.jpg,surprise
test_00649.jpg,sad
test_00650.jpg,surprise
test_00651.jpg,neutral
test_00652.jpg,surprise
test_00653.jpg,neutral
test_00654.jpg,surprise
test_00655.jpg,happy
test_00656.jpg,fear
test_00657.jpg,happy
test_00658.jpg,neutral
test_00659.jpg,sad
test_00660.jpg,neutral
test_00661.jpg,neutral
test_00662.jpg,sad
test_00663.jpg,angry
test_00664.jpg,happy
test_00665.jpg,surprise
test_00666.jpg,happy
test_00667.jpg,sad
test_00668.jpg,surprise
test_00669.jpg,sad
test_00670.jpg,angry
test_00671.jpg,happy
test_00672.jpg,sad
test_00673.jpg,sad
test_00674.jpg,angry
test_00675.jpg,surprise
test_00676.jpg,surprise
test_00677.jpg,fear
test_00678.jpg,happy
test_00679.jpg,happy
test_00680.jpg,happy
test_00681.jpg,neutral
test_00682.jpg,sad
test_00683.jpg,sad
test_00684.jpg,happy
test_00685.jpg,happy
test_00686.jpg,angry
test_00687.jpg,neutral
test_00688.jpg,happy
test_00689.jpg,surprise
test_00690.jpg,surprise
test_00691.jpg,neutral
test_00692.jpg,surprise
test_00693.jpg,angry
test_00694.jpg,sad
test_00695.jpg,angry
test_00696.jpg,sad
test_00697.jpg,angry
test_00698.jpg,surprise
test_00699.jpg,happy
test_00700.jpg,angry
test_00701.jpg,neutral
test_00702.jpg,happy
test_00703.jpg,disgust
test_00704.jpg,surprise
test_00705.jpg,surprise
test_00706.jpg,neutral
test_00707.jpg,neutral
test_00708.jpg,happy
test_00709.jpg,angry
test_00710.jpg,fear
test_00711.jpg,happy
test_00712.jpg,angry
test_00713.jpg,angry
test_00714.jpg,happy
test_00715.jpg,angry
test_00716.jpg,angry
test_00717.jpg,sad
test_00718.jpg,neutral
test_00719.jpg,fear
test_00720.jpg,surprise
test_00721.jpg,happy
test_00722.jpg,sad
test_00723.jpg,sad
test_00724.jpg,sad
test_00725.jpg,sad
test_00726.jpg,angry
test_00727.jpg,neutral
test_00728.jpg,sad
test_00729.jpg,fear
test_00730.jpg,happy
test_00731.jpg,surprise
test_00732.jpg,happy
test_00733.jpg,neutral
test_00734.jpg,angry
test_00735.jpg,surprise
test_00736.jpg,sad
test_00737.jpg,happy
test_00738.jpg,neutral
test_00739.jpg,fear
test_00740.jpg,angry
test_00741.jpg,happy
test_00742.jpg,sad
test_00743.jpg,surprise
test_00744.jpg,neutral
test_00745.jpg,fear
test_00746.jpg,happy
test_00747.jpg,neutral
test_00748.jpg,angry
test_00749.jpg,sad
test_00750.jpg,happy
test_00751.jpg,neutral
test_00752.jpg,neutral
test_00753.jpg,sad
test_00754.jpg,surprise
test_00755.jpg,surprise
test_00756.jpg,neutral
test_00757.jpg,sad
test_00758.jpg,happy
test_00759.jpg,neutral
test_00760.jpg,neutral
test_00761.jpg,surprise
test_00762.jpg,happy
test_00763.jpg,happy
test_00764.jpg,neutral
test_00765.jpg,fear
test_00766.jpg,happy
test_00767.jpg,happy
test_00768.jpg,surprise
test_00769.jpg,sad
test_00770.jpg,sad
test_00771.jpg,angry
test_00772.jpg,fear
test_00773.jpg,angry
test_00774.jpg,happy
test_00775.jpg,happy
test_00776.jpg,happy
test_00777.jpg,fear
test_00778.jpg,surprise
test_00779.jpg,happy
test_00780.jpg,sad
test_00781.jpg,neutral
test_00782.jpg,happy
test_00783.jpg,surprise
test_00784.jpg,surprise
test_00785.jpg,happy
test_00786.jpg,happy
test_00787.jpg,happy
test_00788.jpg,happy
test_00789.jpg,happy
test_00790.jpg,surprise
test_00791.jpg,fear
test_00792.jpg,neutral
test_00793.jpg,sad
test_00794.jpg,sad
test_00795.jpg,happy
test_00796.jpg,happy
test_00797.jpg,sad
test_00798.jpg,fear
test_00799.jpg,angry
test_00800.jpg,happy
test_00801.jpg,neutral
test_00802.jpg,surprise
test_00803.jpg,fear
test_00804.jpg,fear
test_00805.jpg,surprise
test_00806.jpg,happy
test_00807.jpg,angry
test_00808.jpg,fear
test_00809.jpg,neutral
test_00810.jpg,neutral
test_00811.jpg,happy
test_00812.jpg,neutral
test_00813.jpg,neutral
test_00814.jpg,neutral
test_00815.jpg,happy
test_00816.jpg,fear
test_00817.jpg,happy
test_00818.jpg,fear
test_00819.jpg,angry
test_00820.jpg,happy
test_00821.jpg,happy
test_00822.jpg,happy
test_00823.jpg,sad
test_00824.jpg,neutral
test_00825.jpg,sad
test_00826.jpg,happy
test_00827.jpg,disgust
test_00828.jpg,angry
test_00829.jpg,surprise
test_00830.jpg,neutral
test_00831.jpg,sad
test_00832.jpg,sad
test_00833.jpg,happy
test_00834.jpg,angry
test_00835.jpg,neutral
test_00836.jpg,neutral
test_00837.jpg,happy
test_00838.jpg,neutral
test_00839.jpg,neutral
test_00840.jpg,fear
test_00841.jpg,fear
test_00842.jpg,angry
test_00843.jpg,happy
test_00844.jpg,neutral
test_00845.jpg,angry
test_00846.jpg,sad
test_00847.jpg,surprise
test_00848.jpg,angry
test_00849.jpg,surprise
test_00850.jpg,sad
test_00851.jpg,angry
test_00852.jpg,happy
test_00853.jpg,neutral
test_00854.jpg,happy
test_00855.jpg,angry
test_00856.jpg,surprise
test_00857.jpg,sad
test_00858.jpg,neutral
test_00859.jpg,happy
test_00860.jpg,sad
test_00861.jpg,surprise
test_00862.jpg,fear
test_00863.jpg,surprise
test_00864.jpg,happy
test_00865.jpg,angry
test_00866.jpg,fear
test_00867.jpg,angry
test_00868.jpg,happy
test_00869.jpg,neutral
test_00870.jpg,surprise
test_00871.jpg,surprise
test_00872.jpg,happy
test_00873.jpg,sad
test_00874.jpg,neutral
test_00875.jpg,angry
test_00876.jpg,angry
test_00877.jpg,disgust
test_00878.jpg,surprise
test_00879.jpg,surprise
test_00880.jpg,angry
test_00881.jpg,happy
test_00882.jpg,sad
test_00883.jpg,neutral
test_00884.jpg,angry
test_00885.jpg,angry
test_00886.jpg,fear
test_00887.jpg,happy
test_00888.jpg,sad
test_00889.jpg,neutral
test_00890.jpg,surprise
test_00891.jpg,fear
test_00892.jpg,neutral
test_00893.jpg,sad
test_00894.jpg,surprise
test_00895.jpg,fear
test_00896.jpg,neutral
test_00897.jpg,angry
test_00898.jpg,happy
test_00899.jpg,neutral
test_00900.jpg,fear
test_00901.jpg,happy
test_00902.jpg,neutral
test_00903.jpg,happy
test_00904.jpg,fear
test_00905.jpg,fear
test_00906.jpg,happy
test_00907.jpg,sad
test_00908.jpg,sad
test_00909.jpg,angry
test_00910.jpg,angry
test_00911.jpg,neutral
test_00912.jpg,neutral
test_00913.jpg,happy
test_00914.jpg,neutral
test_00915.jpg,angry
test_00916.jpg,sad
test_00917.jpg,sad
test_00918.jpg,sad
test_00919.jpg,happy
test_00920.jpg,angry
test_00921.jpg,happy
test_00922.jpg,neutral
test_00923.jpg,neutral
test_00924.jpg,fear
test_00925.jpg,happy
test_00926.jpg,sad
test_00927.jpg,fear
test_00928.jpg,fear
test_00929.jpg,neutral
test_00930.jpg,happy
test_00931.jpg,surprise
test_00932.jpg,surprise
test_00933.jpg,disgust
test_00934.jpg,angry
test_00935.jpg,happy
test_00936.jpg,sad
test_00937.jpg,surprise
test_00938.jpg,angry
test_00939.jpg,neutral
test_00940.jpg,sad
test_00941.jpg,happy
test_00942.jpg,surprise
test_00943.jpg,surprise
test_00944.jpg,angry
test_00945.jpg,angry
test_00946.jpg,surprise
test_00947.jpg,neutral
test_00948.jpg,sad
test_00949.jpg,neutral
test_00950.jpg,neutral
test_00951.jpg,neutral
test_00952.jpg,happy
test_00953.jpg,fear
test_00954.jpg,surprise
test_00955.jpg,happy
test_00956.jpg,happy
test_00957.jpg,fear
test_00958.jpg,angry
test_00959.jpg,neutral
test_00960.jpg,fear
test_00961.jpg,angry
test_00962.jpg,neutral
test_00963.jpg,happy
test_00964.jpg,sad
test_00965.jpg,fear
test_00966.jpg,fear
test_00967.jpg,angry
test_00968.jpg,surprise
test_00969.jpg,fear
test_00970.jpg,neutral
test_00971.jpg,neutral
test_00972.jpg,happy
test_00973.jpg,happy
test_00974.jpg,sad
test_00975.jpg,surprise
test_00976.jpg,neutral
test_00977.jpg,sad
test_00978.jpg,neutral
test_00979.jpg,happy
test_00980.jpg,neutral
test_00981.jpg,surprise
test_00982.jpg,angry
test_00983.jpg,surprise
test_00984.jpg,sad
test_00985.jpg,happy
test_00986.jpg,surprise
test_00987.jpg,fear
test_00988.jpg,fear
test_00989.jpg,angry
test_00990.jpg,sad
test_00991.jpg,neutral
test_00992.jpg,neutral
test_00993.jpg,happy
test_00994.jpg,surprise
test_00995.jpg,angry
test_00996.jpg,happy
test_00997.jpg,sad
test_00998.jpg,angry
test_00999.jpg,happy
test_01000.jpg,happy
test_01001.jpg,sad
test_01002.jpg,happy
test_01003.jpg,fear
test_01004.jpg,neutral
test_01005.jpg,neutral
test_01006.jpg,neutral
test_01007.jpg,happy
test_01008.jpg,happy
test_01009.jpg,angry
test_01010.jpg,neutral
test_01011.jpg,angry
test_01012.jpg,sad
test_01013.jpg,neutral
test_01014.jpg,sad
test_01015.jpg,sad
test_01016.jpg,angry
test_01017.jpg,angry
test_01018.jpg,surprise
test_01019.jpg,sad
test_01020.jpg,happy
test_01021.jpg,happy
test_01022.jpg,happy
test_01023.jpg,angry
test_01024.jpg,angry
test_01025.jpg,sad
test_01026.jpg,angry
test_01027.jpg,surprise
test_01028.jpg,fear
test_01029.jpg,angry
test_01030.jpg,happy
test_01031.jpg,neutral
test_01032.jpg,neutral
test_01033.jpg,happy
test_01034.jpg,angry
test_01035.jpg,surprise
test_01036.jpg,fear
test_01037.jpg,happy
test_01038.jpg,surprise
test_01039.jpg,sad
test_01040.jpg,surprise
test_01041.jpg,happy
test_01042.jpg,sad
test_01043.jpg,angry
test_01044.jpg,sad
test_01045.jpg,sad
test_01046.jpg,surprise
test_01047.jpg,surprise
test_01048.jpg,fear
test_01049.jpg,surprise
test_01050.jpg,sad
test_01051.jpg,neutral
test_01052.jpg,angry
test_01053.jpg,fear
test_01054.jpg,neutral
test_01055.jpg,sad
test_01056.jpg,sad
test_01057.jpg,angry
test_01058.jpg,sad
test_01059.jpg,angry
test_01060.jpg,neutral
test_01061.jpg,sad
test_01062.jpg,sad
test_01063.jpg,neutral
test_01064.jpg,neutral
test_01065.jpg,surprise
test_01066.jpg,happy
test_01067.jpg,angry
test_01068.jpg,fear
test_01069.jpg,happy
test_01070.jpg,happy
test_01071.jpg,fear
test_01072.jpg,angry
test_01073.jpg,fear
test_01074.jpg,happy
test_01075.jpg,neutral
test_01076.jpg,fear
test_01077.jpg,happy
test_01078.jpg,fear
test_01079.jpg,neutral
test_01080.jpg,neutral
test_01081.jpg,happy
test_01082.jpg,surprise
test_01083.jpg,sad
test_01084.jpg,fear
test_01085.jpg,sad
test_01086.jpg,surprise
test_01087.jpg,neutral
test_01088.jpg,neutral
test_01089.jpg,happy
test_01090.jpg,sad
test_01091.jpg,angry
test_01092.jpg,neutral
test_01093.jpg,neutral
test_01094.jpg,happy
test_01095.jpg,neutral
test_01096.jpg,surprise
test_01097.jpg,disgust
test_01098.jpg,sad
test_01099.jpg,neutral
test_01100.jpg,angry
test_01101.jpg,happy
test_01102.jpg,neutral
test_01103.jpg,neutral
test_01104.jpg,happy
test_01105.jpg,neutral
test_01106.jpg,sad
test_01107.jpg,fear
test_01108.jpg,angry
test_01109.jpg,angry
test_01110.jpg,sad
test_01111.jpg,fear
test_01112.jpg,happy
test_01113.jpg,surprise
test_01114.jpg,happy
test_01115.jpg,neutral
test_01116.jpg,happy
test_01117.jpg,neutral
test_01118.jpg,neutral
test_01119.jpg,happy
test_01120.jpg,fear
test_01121.jpg,sad
test_01122.jpg,sad
test_01123.jpg,happy
test_01124.jpg,sad
test_01125.jpg,angry
test_01126.jpg,sad
test_01127.jpg,sad
test_01128.jpg,neutral
test_01129.jpg,happy
test_01130.jpg,happy
test_01131.jpg,sad
test_01132.jpg,fear
test_01133.jpg,neutral
test_01134.jpg,neutral
test_01135.jpg,angry
test_01136.jpg,surprise
test_01137.jpg,neutral
test_01138.jpg,angry
test_01139.jpg,neutral
test_01140.jpg,neutral
test_01141.jpg,angry
test_01142.jpg,disgust
test_01143.jpg,angry
test_01144.jpg,happy
test_01145.jpg,sad
test_01146.jpg,sad
test_01147.jpg,sad
test_01148.jpg,angry
test_01149.jpg,angry
test_01150.jpg,angry
test_01151.jpg,angry
test_01152.jpg,fear
test_01153.jpg,angry
test_01154.jpg,happy
test_01155.jpg,angry
test_01156.jpg,fear
test_01157.jpg,sad
test_01158.jpg,happy
test_01159.jpg,happy
test_01160.jpg,angry
test_01161.jpg,happy
test_01162.jpg,surprise
test_01163.jpg,sad
test_01164.jpg,sad
test_01165.jpg,fear
test_01166.jpg,fear
test_01167.jpg,angry
test_01168.jpg,angry
test_01169.jpg,surprise
test_01170.jpg,sad
test_01171.jpg,happy
test_01172.jpg,happy
test_01173.jpg,happy
test_01174.jpg,fear
test_01175.jpg,sad
test_01176.jpg,surprise
test_01177.jpg,sad
test_01178.jpg,happy
test_01179.jpg,happy
test_01180.jpg,happy
test_01181.jpg,neutral
test_01182.jpg,happy
test_01183.jpg,neutral
test_01184.jpg,neutral
test_01185.jpg,happy
test_01186.jpg,sad
test_01187.jpg,happy
test_01188.jpg,sad
test_01189.jpg,neutral
test_01190.jpg,neutral
test_01191.jpg,surprise
test_01192.jpg,happy
test_01193.jpg,fear
test_01194.jpg,neutral
test_01195.jpg,neutral
test_01196.jpg,happy
test_01197.jpg,sad
test_01198.jpg,happy
test_01199.jpg,angry
test_01200.jpg,happy
test_01201.jpg,happy
test_01202.jpg,angry
test_01203.jpg,happy
test_01204.jpg,sad
test_01205.jpg,surprise
test_01206.jpg,surprise
test_01207.jpg,angry
test_01208.jpg,fear
test_01209.jpg,happy
test_01210.jpg,sad
test_01211.jpg,angry
test_01212.jpg,happy
test_01213.jpg,angry
test_01214.jpg,angry
test_01215.jpg,fear
test_01216.jpg,neutral
test_01217.jpg,sad
test_01218.jpg,sad
test_01219.jpg,fear
test_01220.jpg,happy
test_01221.jpg,surprise
test_01222.jpg,fear
test_01223.jpg,happy
test_01224.jpg,happy
test_01225.jpg,happy
test_01226.jpg,surprise
test_01227.jpg,surprise
test_01228.jpg,neutral
test_01229.jpg,surprise
test_01230.jpg,neutral
test_01231.jpg,surprise
test_01232.jpg,sad
test_01233.jpg,surprise
test_01234.jpg,sad
test_01235.jpg,fear
test_01236.jpg,neutral
test_01237.jpg,fear
test_01238.jpg,happy
test_01239.jpg,happy
test_01240.jpg,happy
test_01241.jpg,happy
test_01242.jpg,neutral
test_01243.jpg,neutral
test_01244.jpg,happy
test_01245.jpg,neutral
test_01246.jpg,happy
test_01247.jpg,sad
test_01248.jpg,surprise
test_01249.jpg,angry
test_01250.jpg,sad
test_01251.jpg,neutral
test_01252.jpg,sad
test_01253.jpg,neutral
test_01254.jpg,happy
test_01255.jpg,fear
test_01256.jpg,fear
test_01257.jpg,angry
test_01258.jpg,neutral
test_01259.jpg,neutral
test_01260.jpg,angry
test_01261.jpg,angry
test_01262.jpg,surprise
test_01263.jpg,happy
test_01264.jpg,sad
test_01265.jpg,neutral
test_01266.jpg,happy
test_01267.jpg,happy
test_01268.jpg,sad
test_01269.jpg,neutral
test_01270.jpg,fear
test_01271.jpg,happy
test_01272.jpg,sad
test_01273.jpg,surprise
test_01274.jpg,angry
test_01275.jpg,angry
test_01276.jpg,neutral
test_01277.jpg,sad
test_01278.jpg,fear
test_01279.jpg,happy
test_01280.jpg,fear
test_01281.jpg,angry
test_01282.jpg,surprise
test_01283.jpg,angry
test_01284.jpg,neutral
test_01285.jpg,neutral
test_01286.jpg,neutral
test_01287.jpg,angry
test_01288.jpg,happy
test_01289.jpg,sad
test_01290.jpg,angry
test_01291.jpg,neutral
test_01292.jpg,angry
test_01293.jpg,angry
test_01294.jpg,happy
test_01295.jpg,neutral
test_01296.jpg,surprise
test_01297.jpg,sad
test_01298.jpg,angry
test_01299.jpg,surprise
test_01300.jpg,happy
test_01301.jpg,sad
test_01302.jpg,neutral
test_01303.jpg,neutral
test_01304.jpg,angry
test_01305.jpg,happy
test_01306.jpg,angry
test_01307.jpg,happy
test_01308.jpg,fear
test_01309.jpg,happy
test_01310.jpg,sad
test_01311.jpg,surprise
test_01312.jpg,happy
test_01313.jpg,sad
test_01314.jpg,surprise
test_01315.jpg,happy
test_01316.jpg,angry
test_01317.jpg,angry
test_01318.jpg,surprise
test_01319.jpg,happy
test_01320.jpg,surprise
test_01321.jpg,sad
test_01322.jpg,happy
test_01323.jpg,surprise
test_01324.jpg,sad
test_01325.jpg,fear
test_01326.jpg,sad
test_01327.jpg,surprise
test_01328.jpg,sad
test_01329.jpg,happy
test_01330.jpg,angry
test_01331.jpg,happy
test_01332.jpg,angry
test_01333.jpg,happy
test_01334.jpg,surprise
test_01335.jpg,surprise
test_01336.jpg,neutral
test_01337.jpg,surprise
test_01338.jpg,neutral
test_01339.jpg,angry
test_01340.jpg,neutral
test_01341.jpg,angry
test_01342.jpg,fear
test_01343.jpg,sad
test_01344.jpg,happy
test_01345.jpg,neutral
test_01346.jpg,happy
test_01347.jpg,happy
test_01348.jpg,neutral
test_01349.jpg,happy
test_01350.jpg,neutral
test_01351.jpg,angry
test_01352.jpg,surprise
test_01353.jpg,neutral
test_01354.jpg,neutral
test_01355.jpg,sad
test_01356.jpg,happy
test_01357.jpg,happy
test_01358.jpg,sad
test_01359.jpg,angry
test_01360.jpg,happy
test_01361.jpg,neutral
test_01362.jpg,happy
test_01363.jpg,angry
test_01364.jpg,surprise
test_01365.jpg,neutral
test_01366.jpg,surprise
test_01367.jpg,neutral
test_01368.jpg,fear
test_01369.jpg,fear
test_01370.jpg,disgust
test_01371.jpg,sad
test_01372.jpg,neutral
test_01373.jpg,angry
test_01374.jpg,sad
test_01375.jpg,disgust
test_01376.jpg,surprise
test_01377.jpg,happy
test_01378.jpg,happy
test_01379.jpg,sad
test_01380.jpg,surprise
test_01381.jpg,happy
test_01382.jpg,sad
test_01383.jpg,sad
test_01384.jpg,fear
test_01385.jpg,happy
test_01386.jpg,fear
test_01387.jpg,fear
test_01388.jpg,surprise
test_01389.jpg,happy
test_01390.jpg,angry
test_01391.jpg,angry
test_01392.jpg,surprise
test_01393.jpg,surprise
test_01394.jpg,happy
test_01395.jpg,disgust
test_01396.jpg,happy
test_01397.jpg,angry
test_01398.jpg,sad
test_01399.jpg,angry
test_01400.jpg,sad
test_01401.jpg,surprise
test_01402.jpg,fear
test_01403.jpg,neutral
test_01404.jpg,sad
test_01405.jpg,neutral
test_01406.jpg,happy
test_01407.jpg,fear
test_01408.jpg,fear
test_01409.jpg,surprise
test_01410.jpg,surprise
test_01411.jpg,fear
test_01412.jpg,sad
test_01413.jpg,angry
test_01414.jpg,neutral
test_01415.jpg,fear
test_01416.jpg,happy
test_01417.jpg,angry
test_01418.jpg,happy
test_01419.jpg,sad
test_01420.jpg,neutral
test_01421.jpg,angry
test_01422.jpg,happy
test_01423.jpg,neutral
test_01424.jpg,neutral
test_01425.jpg,happy
test_01426.jpg,sad
test_01427.jpg,angry
test_01428.jpg,surprise
test_01429.jpg,sad
test_01430.jpg,fear
test_01431.jpg,sad
test_01432.jpg,neutral
test_01433.jpg,sad
test_01434.jpg,neutral
test_01435.jpg,angry
test_01436.jpg,angry
test_01437.jpg,angry
test_01438.jpg,angry
test_01439.jpg,happy
test_01440.jpg,happy
test_01441.jpg,happy
test_01442.jpg,sad
test_01443.jpg,happy
test_01444.jpg,happy
test_01445.jpg,sad
test_01446.jpg,happy
test_01447.jpg,neutral
test_01448.jpg,sad
test_01449.jpg,surprise
test_01450.jpg,happy
test_01451.jpg,happy
test_01452.jpg,surprise
test_01453.jpg,sad
test_01454.jpg,angry
test_01455.jpg,neutral
test_01456.jpg,angry
test_01457.jpg,sad
test_01458.jpg,fear
test_01459.jpg,fear
test_01460.jpg,surprise
test_01461.jpg,fear
test_01462.jpg,neutral
test_01463.jpg,angry
test_01464.jpg,fear
test_01465.jpg,neutral
test_01466.jpg,sad
test_01467.jpg,happy
test_01468.jpg,neutral
test_01469.jpg,happy
test_01470.jpg,neutral
test_01471.jpg,happy
test_01472.jpg,happy
test_01473.jpg,angry
test_01474.jpg,fear
test_01475.jpg,neutral
test_01476.jpg,neutral
test_01477.jpg,surprise
test_01478.jpg,neutral
test_01479.jpg,happy
test_01480.jpg,surprise
test_01481.jpg,surprise
test_01482.jpg,surprise
test_01483.jpg,neutral
test_01484.jpg,angry
test_01485.jpg,surprise
test_01486.jpg,fear
test_01487.jpg,happy
test_01488.jpg,happy
test_01489.jpg,fear
test_01490.jpg,sad
test_01491.jpg,happy
test_01492.jpg,fear
test_01493.jpg,angry
test_01494.jpg,sad
test_01495.jpg,fear
test_01496.jpg,fear
test_01497.jpg,happy
test_01498.jpg,angry
test_01499.jpg,angry
test_01500.jpg,disgust
test_01501.jpg,neutral
test_01502.jpg,neutral
test_01503.jpg,surprise
test_01504.jpg,sad
test_01505.jpg,happy
test_01506.jpg,neutral
test_01507.jpg,happy
test_01508.jpg,happy
test_01509.jpg,neutral
test_01510.jpg,fear
test_01511.jpg,angry
test_01512.jpg,sad
test_01513.jpg,happy
test_01514.jpg,neutral
test_01515.jpg,neutral
test_01516.jpg,surprise
test_01517.jpg,surprise
test_01518.jpg,fear
test_01519.jpg,happy
test_01520.jpg,happy
test_01521.jpg,sad
test_01522.jpg,sad
test_01523.jpg,happy
test_01524.jpg,fear
test_01525.jpg,neutral
test_01526.jpg,sad
test_01527.jpg,happy
test_01528.jpg,neutral
test_01529.jpg,neutral
test_01530.jpg,sad
test_01531.jpg,fear
test_01532.jpg,happy
test_01533.jpg,angry
test_01534.jpg,happy
test_01535.jpg,neutral
test_01536.jpg,surprise
test_01537.jpg,neutral
test_01538.jpg,surprise
test_01539.jpg,fear
test_01540.jpg,sad
test_01541.jpg,angry
test_01542.jpg,happy
test_01543.jpg,sad
test_01544.jpg,happy
test_01545.jpg,angry
test_01546.jpg,happy
test_01547.jpg,happy
test_01548.jpg,sad
test_01549.jpg,disgust
test_01550.jpg,sad
test_01551.jpg,surprise
test_01552.jpg,fear
test_01553.jpg,surprise
test_01554.jpg,sad
test_01555.jpg,sad
test_01556.jpg,surprise
test_01557.jpg,sad
test_01558.jpg,happy
test_01559.jpg,neutral
test_01560.jpg,sad
test_01561.jpg,happy
test_01562.jpg,neutral
test_01563.jpg,happy
test_01564.jpg,fear
test_01565.jpg,happy
test_01566.jpg,happy
test_01567.jpg,happy
test_01568.jpg,angry
test_01569.jpg,surprise
test_01570.jpg,angry
test_01571.jpg,angry
test_01572.jpg,neutral
test_01573.jpg,fear
test_01574.jpg,sad
test_01575.jpg,surprise
test_01576.jpg,neutral
test_01577.jpg,surprise
test_01578.jpg,surprise
test_01579.jpg,sad
test_01580.jpg,surprise
test_01581.jpg,angry
test_01582.jpg,happy
test_01583.jpg,angry
test_01584.jpg,fear
test_01585.jpg,sad
test_01586.jpg,surprise
test_01587.jpg,disgust
test_01588.jpg,fear
test_01589.jpg,angry
test_01590.jpg,angry
test_01591.jpg,surprise
test_01592.jpg,fear
test_01593.jpg,surprise
test_01594.jpg,disgust
test_01595.jpg,surprise
test_01596.jpg,fear
test_01597.jpg,fear
test_01598.jpg,neutral
test_01599.jpg,surprise
test_01600.jpg,neutral
test_01601.jpg,happy
test_01602.jpg,happy
test_01603.jpg,neutral
test_01604.jpg,sad
test_01605.jpg,angry
test_01606.jpg,happy
test_01607.jpg,neutral
test_01608.jpg,neutral
test_01609.jpg,neutral
test_01610.jpg,sad
test_01611.jpg,surprise
test_01612.jpg,neutral
test_01613.jpg,happy
test_01614.jpg,sad
test_01615.jpg,neutral
test_01616.jpg,neutral
test_01617.jpg,fear
test_01618.jpg,fear
test_01619.jpg,fear
test_01620.jpg,happy
test_01621.jpg,neutral
test_01622.jpg,neutral
test_01623.jpg,happy
test_01624.jpg,neutral
test_01625.jpg,fear
test_01626.jpg,surprise
test_01627.jpg,neutral
test_01628.jpg,happy
test_01629.jpg,surprise
test_01630.jpg,neutral
test_01631.jpg,happy
test_01632.jpg,angry
test_01633.jpg,fear
test_01634.jpg,happy
test_01635.jpg,happy
test_01636.jpg,sad
test_01637.jpg,surprise
test_01638.jpg,sad
test_01639.jpg,happy
test_01640.jpg,surprise
test_01641.jpg,happy
test_01642.jpg,surprise
test_01643.jpg,sad
test_01644.jpg,sad
test_01645.jpg,sad
test_01646.jpg,sad
test_01647.jpg,fear
test_01648.jpg,happy
test_01649.jpg,fear
test_01650.jpg,fear
test_01651.jpg,neutral
test_01652.jpg,neutral
test_01653.jpg,happy
test_01654.jpg,angry
test_01655.jpg,neutral
test_01656.jpg,sad
test_01657.jpg,happy
test_01658.jpg,happy
test_01659.jpg,happy
test_01660.jpg,happy
test_01661.jpg,sad
test_01662.jpg,surprise
test_01663.jpg,happy
test_01664.jpg,neutral
test_01665.jpg,sad
test_01666.jpg,happy
test_01667.jpg,surprise
test_01668.jpg,angry
test_01669.jpg,sad
test_01670.jpg,sad
test_01671.jpg,neutral
test_01672.jpg,angry
test_01673.jpg,happy
test_01674.jpg,happy
test_01675.jpg,neutral
test_01676.jpg,neutral
test_01677.jpg,happy
test_01678.jpg,sad
test_01679.jpg,neutral
test_01680.jpg,happy
test_01681.jpg,happy
test_01682.jpg,neutral
test_01683.jpg,happy
test_01684.jpg,happy
test_01685.jpg,happy
test_01686.jpg,sad
test_01687.jpg,sad
test_01688.jpg,angry
test_01689.jpg,surprise
test_01690.jpg,happy
test_01691.jpg,sad
test_01692.jpg,surprise
test_01693.jpg,angry
test_01694.jpg,sad
test_01695.jpg,neutral
test_01696.jpg,happy
test_01697.jpg,surprise
test_01698.jpg,sad
test_01699.jpg,angry
test_01700.jpg,angry
test_01701.jpg,fear
test_01702.jpg,happy
test_01703.jpg,fear
test_01704.jpg,happy
test_01705.jpg,angry
test_01706.jpg,neutral
test_01707.jpg,neutral
test_01708.jpg,fear
test_01709.jpg,neutral
test_01710.jpg,happy
test_01711.jpg,happy
test_01712.jpg,neutral
test_01713.jpg,angry
test_01714.jpg,sad
test_01715.jpg,happy
test_01716.jpg,neutral
test_01717.jpg,neutral
test_01718.jpg,angry
test_01719.jpg,fear
test_01720.jpg,surprise
test_01721.jpg,angry
test_01722.jpg,surprise
test_01723.jpg,sad
test_01724.jpg,sad
test_01725.jpg,neutral
test_01726.jpg,fear
test_01727.jpg,angry
test_01728.jpg,angry
test_01729.jpg,happy
test_01730.jpg,happy
test_01731.jpg,angry
test_01732.jpg,neutral
test_01733.jpg,surprise
test_01734.jpg,sad
test_01735.jpg,sad
test_01736.jpg,angry
test_01737.jpg,happy
test_01738.jpg,sad
test_01739.jpg,happy
test_01740.jpg,neutral
test_01741.jpg,fear
test_01742.jpg,sad
test_01743.jpg,angry
test_01744.jpg,neutral
test_01745.jpg,neutral
test_01746.jpg,happy
test_01747.jpg,sad
test_01748.jpg,angry
test_01749.jpg,disgust
test_01750.jpg,sad
test_01751.jpg,sad
test_01752.jpg,happy
test_01753.jpg,happy
test_01754.jpg,sad
test_01755.jpg,fear
test_01756.jpg,fear
test_01757.jpg,angry
test_01758.jpg,angry
test_01759.jpg,happy
test_01760.jpg,angry
test_01761.jpg,disgust
test_01762.jpg,angry
test_01763.jpg,angry
test_01764.jpg,happy
test_01765.jpg,sad
test_01766.jpg,fear
test_01767.jpg,sad
test_01768.jpg,surprise
test_01769.jpg,surprise
test_01770.jpg,surprise
test_01771.jpg,angry
test_01772.jpg,angry
test_01773.jpg,angry
test_01774.jpg,happy
test_01775.jpg,angry
test_01776.jpg,angry
test_01777.jpg,angry
test_01778.jpg,angry
test_01779.jpg,sad
test_01780.jpg,angry
test_01781.jpg,fear
test_01782.jpg,fear
test_01783.jpg,happy
test_01784.jpg,neutral
test_01785.jpg,sad
test_01786.jpg,happy
test_01787.jpg,happy
test_01788.jpg,sad
test_01789.jpg,happy
test_01790.jpg,neutral
test_01791.jpg,surprise
test_01792.jpg,neutral
test_01793.jpg,sad
test_01794.jpg,sad
test_01795.jpg,neutral
test_01796.jpg,happy
test_01797.jpg,surprise
test_01798.jpg,neutral
test_01799.jpg,fear
test_01800.jpg,surprise
test_01801.jpg,sad
test_01802.jpg,sad
test_01803.jpg,angry
test_01804.jpg,happy
test_01805.jpg,fear
test_01806.jpg,neutral
test_01807.jpg,neutral
test_01808.jpg,sad
test_01809.jpg,angry
test_01810.jpg,fear
test_01811.jpg,neutral
test_01812.jpg,sad
test_01813.jpg,angry
test_01814.jpg,neutral
test_01815.jpg,sad
test_01816.jpg,fear
test_01817.jpg,sad
test_01818.jpg,sad
test_01819.jpg,neutral
test_01820.jpg,happy
test_01821.jpg,neutral
test_01822.jpg,surprise
test_01823.jpg,fear
test_01824.jpg,happy
test_01825.jpg,happy
test_01826.jpg,fear
test_01827.jpg,sad
test_01828.jpg,neutral
test_01829.jpg,fear
test_01830.jpg,neutral
test_01831.jpg,neutral
test_01832.jpg,angry
test_01833.jpg,happy
test_01834.jpg,surprise
test_01835.jpg,neutral
test_01836.jpg,happy
test_01837.jpg,happy
test_01838.jpg,fear
test_01839.jpg,happy
test_01840.jpg,neutral
test_01841.jpg,happy
test_01842.jpg,sad
test_01843.jpg,angry
test_01844.jpg,neutral
test_01845.jpg,neutral
test_01846.jpg,neutral
test_01847.jpg,fear
test_01848.jpg,fear
test_01849.jpg,angry
test_01850.jpg,sad
test_01851.jpg,sad
test_01852.jpg,surprise
test_01853.jpg,sad
test_01854.jpg,neutral
test_01855.jpg,neutral
test_01856.jpg,happy
test_01857.jpg,fear
test_01858.jpg,sad
test_01859.jpg,neutral
test_01860.jpg,angry
test_01861.jpg,neutral
test_01862.jpg,fear
test_01863.jpg,neutral
test_01864.jpg,angry
test_01865.jpg,sad
test_01866.jpg,happy
test_01867.jpg,neutral
test_01868.jpg,sad
test_01869.jpg,happy
test_01870.jpg,neutral
test_01871.jpg,angry
test_01872.jpg,surprise
test_01873.jpg,sad
test_01874.jpg,neutral
test_01875.jpg,sad
test_01876.jpg,neutral
test_01877.jpg,happy
test_01878.jpg,fear
test_01879.jpg,angry
test_01880.jpg,surprise
test_01881.jpg,fear
test_01882.jpg,fear
test_01883.jpg,neutral
test_01884.jpg,happy
test_01885.jpg,sad
test_01886.jpg,neutral
test_01887.jpg,fear
test_01888.jpg,neutral
test_01889.jpg,angry
test_01890.jpg,happy
test_01891.jpg,sad
test_01892.jpg,sad
test_01893.jpg,happy
test_01894.jpg,sad
test_01895.jpg,surprise
test_01896.jpg,happy
test_01897.jpg,angry
test_01898.jpg,surprise
test_01899.jpg,happy
test_01900.jpg,happy
test_01901.jpg,surprise
test_01902.jpg,neutral
test_01903.jpg,fear
test_01904.jpg,happy
test_01905.jpg,happy
test_01906.jpg,happy
test_01907.jpg,happy
test_01908.jpg,surprise
test_01909.jpg,happy
test_01910.jpg,sad
test_01911.jpg,neutral
test_01912.jpg,sad
test_01913.jpg,sad
test_01914.jpg,sad
test_01915.jpg,fear
test_01916.jpg,surprise
test_01917.jpg,surprise
test_01918.jpg,sad
test_01919.jpg,fear
test_01920.jpg,angry
test_01921.jpg,happy
test_01922.jpg,happy
test_01923.jpg,neutral
test_01924.jpg,sad
test_01925.jpg,sad
test_01926.jpg,sad
test_01927.jpg,angry
test_01928.jpg,fear
test_01929.jpg,sad
test_01930.jpg,neutral
test_01931.jpg,happy
test_01932.jpg,happy
test_01933.jpg,fear
test_01934.jpg,happy
test_01935.jpg,happy
test_01936.jpg,fear
test_01937.jpg,neutral
test_01938.jpg,neutral
test_01939.jpg,fear
test_01940.jpg,happy
test_01941.jpg,surprise
test_01942.jpg,neutral
test_01943.jpg,sad
test_01944.jpg,fear
test_01945.jpg,sad
test_01946.jpg,angry
test_01947.jpg,happy
test_01948.jpg,fear
test_01949.jpg,angry
test_01950.jpg,happy
test_01951.jpg,disgust
test_01952.jpg,sad
test_01953.jpg,sad
test_01954.jpg,fear
test_01955.jpg,angry
test_01956.jpg,neutral
test_01957.jpg,happy
test_01958.jpg,happy
test_01959.jpg,neutral
test_01960.jpg,happy
test_01961.jpg,fear
test_01962.jpg,sad
test_01963.jpg,sad
test_01964.jpg,sad
test_01965.jpg,fear
test_01966.jpg,happy
test_01967.jpg,disgust
test_01968.jpg,surprise
test_01969.jpg,fear
test_01970.jpg,disgust
test_01971.jpg,sad
test_01972.jpg,happy
test_01973.jpg,angry
test_01974.jpg,neutral
test_01975.jpg,sad
test_01976.jpg,surprise
test_01977.jpg,neutral
test_01978.jpg,fear
test_01979.jpg,angry
test_01980.jpg,sad
test_01981.jpg,fear
test_01982.jpg,sad
test_01983.jpg,neutral
test_01984.jpg,angry
test_01985.jpg,surprise
test_01986.jpg,surprise
test_01987.jpg,neutral
test_01988.jpg,happy
test_01989.jpg,neutral
test_01990.jpg,neutral
test_01991.jpg,neutral
test_01992.jpg,surprise
test_01993.jpg,fear
test_01994.jpg,fear
test_01995.jpg,surprise
test_01996.jpg,neutral
test_01997.jpg,happy
test_01998.jpg,sad
test_01999.jpg,fear
test_02000.jpg,happy
test_02001.jpg,sad
test_02002.jpg,sad
test_02003.jpg,happy
test_02004.jpg,neutral
test_02005.jpg,surprise
test_02006.jpg,sad
test_02007.jpg,happy
test_02008.jpg,sad
test_02009.jpg,neutral
test_02010.jpg,happy
test_02011.jpg,neutral
test_02012.jpg,fear
test_02013.jpg,sad
test_02014.jpg,sad
test_02015.jpg,fear
test_02016.jpg,neutral
test_02017.jpg,happy
test_02018.jpg,angry
test_02019.jpg,fear
test_02020.jpg,fear
test_02021.jpg,sad
test_02022.jpg,surprise
test_02023.jpg,happy
test_02024.jpg,surprise
test_02025.jpg,sad
test_02026.jpg,happy
test_02027.jpg,happy
test_02028.jpg,angry
test_02029.jpg,angry
test_02030.jpg,happy
test_02031.jpg,neutral
test_02032.jpg,sad
test_02033.jpg,surprise
test_02034.jpg,happy
test_02035.jpg,surprise
test_02036.jpg,angry
test_02037.jpg,angry
test_02038.jpg,fear
test_02039.jpg,sad
test_02040.jpg,surprise
test_02041.jpg,angry
test_02042.jpg,surprise
test_02043.jpg,sad
test_02044.jpg,fear
test_02045.jpg,fear
test_02046.jpg,surprise
test_02047.jpg,happy
test_02048.jpg,angry
test_02049.jpg,sad
test_02050.jpg,sad
test_02051.jpg,surprise
test_02052.jpg,neutral
test_02053.jpg,happy
test_02054.jpg,surprise
test_02055.jpg,sad
test_02056.jpg,angry
test_02057.jpg,happy
test_02058.jpg,angry
test_02059.jpg,neutral
test_02060.jpg,sad
test_02061.jpg,neutral
test_02062.jpg,surprise
test_02063.jpg,happy
test_02064.jpg,sad
test_02065.jpg,fear
test_02066.jpg,sad
test_02067.jpg,fear
test_02068.jpg,sad
test_02069.jpg,happy
test_02070.jpg,neutral
test_02071.jpg,sad
test_02072.jpg,surprise
test_02073.jpg,happy
test_02074.jpg,fear
test_02075.jpg,surprise
test_02076.jpg,surprise
test_02077.jpg,neutral
test_02078.jpg,happy
test_02079.jpg,neutral
test_02080.jpg,happy
test_02081.jpg,happy
test_02082.jpg,happy
test_02083.jpg,angry
test_02084.jpg,angry
test_02085.jpg,neutral
test_02086.jpg,happy
test_02087.jpg,angry
test_02088.jpg,sad
test_02089.jpg,sad
test_02090.jpg,happy
test_02091.jpg,neutral
test_02092.jpg,fear
test_02093.jpg,disgust
test_02094.jpg,sad
test_02095.jpg,sad
test_02096.jpg,surprise
test_02097.jpg,neutral
test_02098.jpg,neutral
test_02099.jpg,neutral
test_02100.jpg,disgust
test_02101.jpg,happy
test_02102.jpg,neutral
test_02103.jpg,neutral
test_02104.jpg,neutral
test_02105.jpg,happy
test_02106.jpg,angry
test_02107.jpg,happy
test_02108.jpg,sad
test_02109.jpg,happy
test_02110.jpg,neutral
test_02111.jpg,happy
test_02112.jpg,surprise
test_02113.jpg,happy
test_02114.jpg,angry
test_02115.jpg,angry
test_02116.jpg,neutral
test_02117.jpg,neutral
test_02118.jpg,happy
test_02119.jpg,surprise
test_02120.jpg,neutral
test_02121.jpg,surprise
test_02122.jpg,happy
test_02123.jpg,happy
test_02124.jpg,fear
test_02125.jpg,happy
test_02126.jpg,angry
test_02127.jpg,happy
test_02128.jpg,fear
test_02129.jpg,surprise
test_02130.jpg,sad
test_02131.jpg,neutral
test_02132.jpg,sad
test_02133.jpg,sad
test_02134.jpg,happy
test_02135.jpg,sad
test_02136.jpg,sad
test_02137.jpg,angry
test_02138.jpg,neutral
test_02139.jpg,happy
test_02140.jpg,fear
test_02141.jpg,fear
test_02142.jpg,surprise
test_02143.jpg,angry
test_02144.jpg,surprise
test_02145.jpg,sad
test_02146.jpg,angry
test_02147.jpg,happy
test_02148.jpg,angry
test_02149.jpg,neutral
test_02150.jpg,happy
test_02151.jpg,sad
test_02152.jpg,happy
test_02153.jpg,happy
test_02154.jpg,surprise
test_02155.jpg,surprise
test_02156.jpg,neutral
test_02157.jpg,angry
test_02158.jpg,happy
test_02159.jpg,neutral
test_02160.jpg,happy
test_02161.jpg,sad
test_02162.jpg,sad
test_02163.jpg,happy
test_02164.jpg,neutral
test_02165.jpg,sad
test_02166.jpg,fear
test_02167.jpg,angry
test_02168.jpg,surprise
test_02169.jpg,angry
test_02170.jpg,sad
test_02171.jpg,sad
test_02172.jpg,angry
test_02173.jpg,sad
test_02174.jpg,neutral
test_02175.jpg,angry
test_02176.jpg,surprise
test_02177.jpg,happy
test_02178.jpg,sad
test_02179.jpg,sad
test_02180.jpg,disgust
test_02181.jpg,happy
test_02182.jpg,surprise
test_02183.jpg,neutral
test_02184.jpg,angry
test_02185.jpg,neutral
test_02186.jpg,angry
test_02187.jpg,neutral
test_02188.jpg,happy
test_02189.jpg,fear
test_02190.jpg,neutral
test_02191.jpg,sad
test_02192.jpg,sad
test_02193.jpg,happy
test_02194.jpg,fear
test_02195.jpg,angry
test_02196.jpg,happy
test_02197.jpg,happy
test_02198.jpg,happy
test_02199.jpg,sad
test_02200.jpg,sad
test_02201.jpg,fear
test_02202.jpg,angry
test_02203.jpg,sad
test_02204.jpg,happy
test_02205.jpg,angry
test_02206.jpg,sad
test_02207.jpg,neutral
test_02208.jpg,neutral
test_02209.jpg,neutral
test_02210.jpg,surprise
test_02211.jpg,fear
test_02212.jpg,angry
test_02213.jpg,neutral
test_02214.jpg,neutral
test_02215.jpg,disgust
test_02216.jpg,neutral
test_02217.jpg,angry
test_02218.jpg,angry
test_02219.jpg,neutral
test_02220.jpg,fear
test_02221.jpg,surprise
test_02222.jpg,sad
test_02223.jpg,happy
test_02224.jpg,neutral
test_02225.jpg,fear
test_02226.jpg,happy
test_02227.jpg,happy
test_02228.jpg,angry
test_02229.jpg,neutral
test_02230.jpg,surprise
test_02231.jpg,neutral
test_02232.jpg,neutral
test_02233.jpg,sad
test_02234.jpg,happy
test_02235.jpg,happy
test_02236.jpg,fear
test_02237.jpg,fear
test_02238.jpg,neutral
test_02239.jpg,sad
test_02240.jpg,surprise
test_02241.jpg,sad
test_02242.jpg,happy
test_02243.jpg,neutral
test_02244.jpg,happy
test_02245.jpg,angry
test_02246.jpg,angry
test_02247.jpg,sad
test_02248.jpg,happy
test_02249.jpg,fear
test_02250.jpg,happy
test_02251.jpg,surprise
test_02252.jpg,sad
test_02253.jpg,happy
test_02254.jpg,sad
test_02255.jpg,sad
test_02256.jpg,happy
test_02257.jpg,fear
test_02258.jpg,surprise
test_02259.jpg,neutral
test_02260.jpg,happy
test_02261.jpg,neutral
test_02262.jpg,neutral
test_02263.jpg,neutral
test_02264.jpg,sad
test_02265.jpg,surprise
test_02266.jpg,sad
test_02267.jpg,sad
test_02268.jpg,sad
test_02269.jpg,surprise
test_02270.jpg,sad
test_02271.jpg,happy
test_02272.jpg,neutral
test_02273.jpg,surprise
test_02274.jpg,neutral
test_02275.jpg,neutral
test_02276.jpg,fear
test_02277.jpg,angry
test_02278.jpg,sad
test_02279.jpg,surprise
test_02280.jpg,neutral
test_02281.jpg,happy
test_02282.jpg,sad
test_02283.jpg,neutral
test_02284.jpg,happy
test_02285.jpg,happy
test_02286.jpg,disgust
test_02287.jpg,angry
test_02288.jpg,sad
test_02289.jpg,neutral
test_02290.jpg,happy
test_02291.jpg,surprise
test_02292.jpg,fear
test_02293.jpg,neutral
test_02294.jpg,neutral
test_02295.jpg,surprise
test_02296.jpg,happy
test_02297.jpg,neutral
test_02298.jpg,surprise
test_02299.jpg,surprise
test_02300.jpg,neutral
test_02301.jpg,happy
test_02302.jpg,fear
test_02303.jpg,happy
test_02304.jpg,sad
test_02305.jpg,sad
test_02306.jpg,neutral
test_02307.jpg,angry
test_02308.jpg,fear
test_02309.jpg,neutral
test_02310.jpg,neutral
test_02311.jpg,happy
test_02312.jpg,happy
test_02313.jpg,surprise
test_02314.jpg,angry
test_02315.jpg,surprise
test_02316.jpg,fear
test_02317.jpg,neutral
test_02318.jpg,sad
test_02319.jpg,happy
test_02320.jpg,angry
test_02321.jpg,sad
test_02322.jpg,happy
test_02323.jpg,happy
test_02324.jpg,happy
test_02325.jpg,happy
test_02326.jpg,neutral
test_02327.jpg,surprise
test_02328.jpg,sad
test_02329.jpg,sad
test_02330.jpg,happy
test_02331.jpg,surprise
test_02332.jpg,happy
test_02333.jpg,fear
test_02334.jpg,happy
test_02335.jpg,sad
test_02336.jpg,happy
test_02337.jpg,surprise
test_02338.jpg,happy
test_02339.jpg,fear
test_02340.jpg,fear
test_02341.jpg,surprise
test_02342.jpg,disgust
test_02343.jpg,fear
test_02344.jpg,angry
test_02345.jpg,neutral
test_02346.jpg,fear
test_02347.jpg,fear
test_02348.jpg,sad
test_02349.jpg,angry
test_02350.jpg,happy
test_02351.jpg,fear
test_02352.jpg,happy
test_02353.jpg,sad
test_02354.jpg,happy
test_02355.jpg,neutral
test_02356.jpg,angry
test_02357.jpg,neutral
test_02358.jpg,surprise
test_02359.jpg,happy
test_02360.jpg,happy
test_02361.jpg,angry
test_02362.jpg,neutral
test_02363.jpg,neutral
test_02364.jpg,happy
test_02365.jpg,neutral
test_02366.jpg,angry
test_02367.jpg,neutral
test_02368.jpg,sad
test_02369.jpg,happy
test_02370.jpg,angry
test_02371.jpg,angry
test_02372.jpg,happy
test_02373.jpg,surprise
test_02374.jpg,sad
test_02375.jpg,angry
test_02376.jpg,angry
test_02377.jpg,neutral
test_02378.jpg,angry
test_02379.jpg,neutral
test_02380.jpg,happy
test_02381.jpg,fear
test_02382.jpg,angry
test_02383.jpg,sad
test_02384.jpg,angry
test_02385.jpg,angry
test_02386.jpg,surprise
test_02387.jpg,angry
test_02388.jpg,surprise
test_02389.jpg,angry
test_02390.jpg,happy
test_02391.jpg,happy
test_02392.jpg,neutral
test_02393.jpg,neutral
test_02394.jpg,neutral
test_02395.jpg,sad
test_02396.jpg,happy
test_02397.jpg,neutral
test_02398.jpg,angry
test_02399.jpg,surprise
test_02400.jpg,sad
test_02401.jpg,fear
test_02402.jpg,surprise
test_02403.jpg,surprise
test_02404.jpg,happy
test_02405.jpg,sad
test_02406.jpg,sad
test_02407.jpg,surprise
test_02408.jpg,angry
test_02409.jpg,happy
test_02410.jpg,happy
test_02411.jpg,neutral
test_02412.jpg,surprise
test_02413.jpg,angry
test_02414.jpg,happy
test_02415.jpg,surprise
test_02416.jpg,angry
test_02417.jpg,surprise
test_02418.jpg,neutral
test_02419.jpg,sad
test_02420.jpg,happy
test_02421.jpg,surprise
test_02422.jpg,surprise
test_02423.jpg,happy
test_02424.jpg,neutral
test_02425.jpg,happy
test_02426.jpg,happy
test_02427.jpg,happy
test_02428.jpg,neutral
test_02429.jpg,surprise
test_02430.jpg,angry
test_02431.jpg,fear
test_02432.jpg,happy
test_02433.jpg,angry
test_02434.jpg,angry
test_02435.jpg,fear
test_02436.jpg,angry
test_02437.jpg,happy
test_02438.jpg,sad
test_02439.jpg,happy
test_02440.jpg,neutral
test_02441.jpg,angry
test_02442.jpg,angry
test_02443.jpg,neutral
test_02444.jpg,surprise
test_02445.jpg,fear
test_02446.jpg,angry
test_02447.jpg,sad
test_02448.jpg,angry
test_02449.jpg,happy
test_02450.jpg,happy
test_02451.jpg,neutral
test_02452.jpg,angry
test_02453.jpg,surprise
test_02454.jpg,surprise
test_02455.jpg,surprise
test_02456.jpg,fear
test_02457.jpg,fear
test_02458.jpg,surprise
test_02459.jpg,sad
test_02460.jpg,happy
test_02461.jpg,sad
test_02462.jpg,fear
test_02463.jpg,fear
test_02464.jpg,happy
test_02465.jpg,fear
test_02466.jpg,sad
test_02467.jpg,neutral
test_02468.jpg,angry
test_02469.jpg,sad
test_02470.jpg,sad
test_02471.jpg,sad
test_02472.jpg,disgust
test_02473.jpg,happy
test_02474.jpg,sad
test_02475.jpg,sad
test_02476.jpg,sad
test_02477.jpg,neutral
test_02478.jpg,neutral
test_02479.jpg,surprise
test_02480.jpg,happy
test_02481.jpg,fear
test_02482.jpg,angry
test_02483.jpg,surprise
test_02484.jpg,surprise
test_02485.jpg,angry
test_02486.jpg,sad
test_02487.jpg,sad
test_02488.jpg,sad
test_02489.jpg,happy
test_02490.jpg,surprise
test_02491.jpg,sad
test_02492.jpg,happy
test_02493.jpg,happy
test_02494.jpg,angry
test_02495.jpg,sad
test_02496.jpg,sad
test_02497.jpg,fear
test_02498.jpg,surprise
test_02499.jpg,neutral
test_02500.jpg,angry
test_02501.jpg,happy
test_02502.jpg,happy
test_02503.jpg,happy
test_02504.jpg,surprise
test_02505.jpg,fear
test_02506.jpg,neutral
test_02507.jpg,fear
test_02508.jpg,neutral
test_02509.jpg,sad
test_02510.jpg,fear
test_02511.jpg,disgust
test_02512.jpg,neutral
test_02513.jpg,happy
test_02514.jpg,surprise
test_02515.jpg,happy
test_02516.jpg,happy
test_02517.jpg,fear
test_02518.jpg,happy
test_02519.jpg,fear
test_02520.jpg,surprise
test_02521.jpg,sad
test_02522.jpg,happy
test_02523.jpg,happy
test_02524.jpg,sad
test_02525.jpg,happy
test_02526.jpg,angry
test_02527.jpg,angry
test_02528.jpg,fear
test_02529.jpg,surprise
test_02530.jpg,sad
test_02531.jpg,happy
test_02532.jpg,happy
test_02533.jpg,fear
test_02534.jpg,surprise
test_02535.jpg,sad
test_02536.jpg,angry
test_02537.jpg,happy
test_02538.jpg,fear
test_02539.jpg,angry
test_02540.jpg,neutral
test_02541.jpg,sad
test_02542.jpg,surprise
test_02543.jpg,neutral
test_02544.jpg,neutral
test_02545.jpg,neutral
test_02546.jpg,neutral
test_02547.jpg,sad
test_02548.jpg,angry
test_02549.jpg,happy
test_02550.jpg,angry
test_02551.jpg,surprise
test_02552.jpg,surprise
test_02553.jpg,happy
test_02554.jpg,sad
test_02555.jpg,neutral
test_02556.jpg,happy
test_02557.jpg,angry
test_02558.jpg,surprise
test_02559.jpg,sad
test_02560.jpg,angry
test_02561.jpg,disgust
test_02562.jpg,sad
test_02563.jpg,happy
test_02564.jpg,neutral
test_02565.jpg,happy
test_02566.jpg,happy
test_02567.jpg,neutral
test_02568.jpg,happy
test_02569.jpg,happy
test_02570.jpg,happy
test_02571.jpg,happy
test_02572.jpg,surprise
test_02573.jpg,surprise
test_02574.jpg,sad
test_02575.jpg,surprise
test_02576.jpg,sad
test_02577.jpg,neutral
test_02578.jpg,sad
test_02579.jpg,sad
test_02580.jpg,sad
test_02581.jpg,fear
test_02582.jpg,sad
test_02583.jpg,happy
test_02584.jpg,fear
test_02585.jpg,sad
test_02586.jpg,fear
test_02587.jpg,surprise
test_02588.jpg,happy
test_02589.jpg,angry
test_02590.jpg,surprise
test_02591.jpg,angry
test_02592.jpg,happy
test_02593.jpg,neutral
test_02594.jpg,happy
test_02595.jpg,sad
test_02596.jpg,happy
test_02597.jpg,sad
test_02598.jpg,neutral
test_02599.jpg,surprise
test_02600.jpg,angry
test_02601.jpg,angry
test_02602.jpg,happy
test_02603.jpg,fear
test_02604.jpg,neutral
test_02605.jpg,neutral
test_02606.jpg,fear
test_02607.jpg,surprise
test_02608.jpg,happy
test_02609.jpg,neutral
test_02610.jpg,disgust
test_02611.jpg,happy
test_02612.jpg,neutral
test_02613.jpg,happy
test_02614.jpg,neutral
test_02615.jpg,fear
test_02616.jpg,angry
test_02617.jpg,sad
test_02618.jpg,neutral
test_02619.jpg,surprise
test_02620.jpg,angry
test_02621.jpg,happy
test_02622.jpg,neutral
test_02623.jpg,sad
test_02624.jpg,happy
test_02625.jpg,happy
test_02626.jpg,surprise
test_02627.jpg,neutral
test_02628.jpg,angry
test_02629.jpg,sad
test_02630.jpg,sad
test_02631.jpg,fear
test_02632.jpg,disgust
test_02633.jpg,sad
test_02634.jpg,neutral
test_02635.jpg,angry
test_02636.jpg,neutral
test_02637.jpg,happy
test_02638.jpg,happy
test_02639.jpg,happy
test_02640.jpg,sad
test_02641.jpg,neutral
test_02642.jpg,neutral
test_02643.jpg,surprise
test_02644.jpg,fear
test_02645.jpg,sad
test_02646.jpg,happy
test_02647.jpg,angry
test_02648.jpg,surprise
test_02649.jpg,happy
test_02650.jpg,happy
test_02651.jpg,surprise
test_02652.jpg,angry
test_02653.jpg,angry
test_02654.jpg,sad
test_02655.jpg,happy
test_02656.jpg,surprise
test_02657.jpg,fear
test_02658.jpg,happy
test_02659.jpg,neutral
test_02660.jpg,neutral
test_02661.jpg,surprise
test_02662.jpg,sad
test_02663.jpg,happy
test_02664.jpg,fear
test_02665.jpg,neutral
test_02666.jpg,happy
test_02667.jpg,happy
test_02668.jpg,happy
test_02669.jpg,angry
test_02670.jpg,surprise
test_02671.jpg,happy
test_02672.jpg,surprise
test_02673.jpg,fear
test_02674.jpg,angry
test_02675.jpg,happy
test_02676.jpg,happy
test_02677.jpg,surprise
test_02678.jpg,sad
test_02679.jpg,angry
test_02680.jpg,surprise
test_02681.jpg,happy
test_02682.jpg,surprise
test_02683.jpg,neutral
test_02684.jpg,happy
test_02685.jpg,surprise
test_02686.jpg,surprise
test_02687.jpg,angry
test_02688.jpg,sad
test_02689.jpg,sad
test_02690.jpg,happy
test_02691.jpg,neutral
test_02692.jpg,sad
test_02693.jpg,fear
test_02694.jpg,happy
test_02695.jpg,angry
test_02696.jpg,sad
test_02697.jpg,happy
test_02698.jpg,angry
test_02699.jpg,neutral
test_02700.jpg,angry
test_02701.jpg,sad
test_02702.jpg,neutral
test_02703.jpg,surprise
test_02704.jpg,disgust
test_02705.jpg,happy
test_02706.jpg,angry
test_02707.jpg,happy
test_02708.jpg,neutral
test_02709.jpg,angry
test_02710.jpg,happy
test_02711.jpg,angry
test_02712.jpg,happy
test_02713.jpg,neutral
test_02714.jpg,neutral
test_02715.jpg,surprise
test_02716.jpg,surprise
test_02717.jpg,neutral
test_02718.jpg,happy
test_02719.jpg,sad
test_02720.jpg,surprise
test_02721.jpg,fear
test_02722.jpg,happy
test_02723.jpg,happy
test_02724.jpg,happy
test_02725.jpg,surprise
test_02726.jpg,fear
test_02727.jpg,happy
test_02728.jpg,surprise
test_02729.jpg,fear
test_02730.jpg,neutral
test_02731.jpg,sad
test_02732.jpg,happy
test_02733.jpg,sad
test_02734.jpg,fear
test_02735.jpg,angry
test_02736.jpg,neutral
test_02737.jpg,fear
test_02738.jpg,happy
test_02739.jpg,sad
test_02740.jpg,sad
test_02741.jpg,fear
test_02742.jpg,angry
test_02743.jpg,sad
test_02744.jpg,angry
test_02745.jpg,happy
test_02746.jpg,sad
test_02747.jpg,neutral
test_02748.jpg,angry
test_02749.jpg,happy
test_02750.jpg,angry
test_02751.jpg,fear
test_02752.jpg,neutral
test_02753.jpg,sad
test_02754.jpg,neutral
test_02755.jpg,neutral
test_02756.jpg,angry
test_02757.jpg,happy
test_02758.jpg,surprise
test_02759.jpg,neutral
test_02760.jpg,sad
test_02761.jpg,sad
test_02762.jpg,sad
test_02763.jpg,sad
test_02764.jpg,sad
test_02765.jpg,angry
test_02766.jpg,angry
test_02767.jpg,neutral
test_02768.jpg,sad
test_02769.jpg,neutral
test_02770.jpg,neutral
test_02771.jpg,happy
test_02772.jpg,fear
test_02773.jpg,surprise
test_02774.jpg,happy
test_02775.jpg,angry
test_02776.jpg,fear
test_02777.jpg,sad
test_02778.jpg,sad
test_02779.jpg,fear
test_02780.jpg,fear
test_02781.jpg,sad
test_02782.jpg,fear
test_02783.jpg,surprise
test_02784.jpg,sad
test_02785.jpg,sad
test_02786.jpg,happy
test_02787.jpg,neutral
test_02788.jpg,happy
test_02789.jpg,happy
test_02790.jpg,neutral
test_02791.jpg,sad
test_02792.jpg,neutral
test_02793.jpg,angry
test_02794.jpg,happy
test_02795.jpg,surprise
test_02796.jpg,surprise
test_02797.jpg,sad
test_02798.jpg,surprise
test_02799.jpg,fear
test_02800.jpg,sad
test_02801.jpg,surprise
test_02802.jpg,sad
test_02803.jpg,fear
test_02804.jpg,sad
test_02805.jpg,sad
test_02806.jpg,fear
test_02807.jpg,happy
test_02808.jpg,fear
test_02809.jpg,happy
test_02810.jpg,happy
test_02811.jpg,happy
test_02812.jpg,neutral
test_02813.jpg,happy
test_02814.jpg,happy
test_02815.jpg,sad
test_02816.jpg,sad
test_02817.jpg,surprise
test_02818.jpg,happy
test_02819.jpg,neutral
test_02820.jpg,disgust
test_02821.jpg,angry
test_02822.jpg,fear
test_02823.jpg,neutral
test_02824.jpg,fear
test_02825.jpg,surprise
test_02826.jpg,surprise
test_02827.jpg,angry
test_02828.jpg,surprise
test_02829.jpg,sad
test_02830.jpg,neutral
test_02831.jpg,fear
test_02832.jpg,happy
test_02833.jpg,neutral
test_02834.jpg,neutral
test_02835.jpg,surprise
test_02836.jpg,happy
test_02837.jpg,happy
test_02838.jpg,neutral
test_02839.jpg,sad
test_02840.jpg,angry
test_02841.jpg,neutral
test_02842.jpg,happy
test_02843.jpg,neutral
test_02844.jpg,neutral
test_02845.jpg,neutral
test_02846.jpg,sad
test_02847.jpg,happy
test_02848.jpg,neutral
test_02849.jpg,angry
test_02850.jpg,sad
test_02851.jpg,neutral
test_02852.jpg,neutral
test_02853.jpg,neutral
test_02854.jpg,fear
test_02855.jpg,neutral
test_02856.jpg,fear
test_02857.jpg,neutral
test_02858.jpg,happy
test_02859.jpg,sad
test_02860.jpg,fear
test_02861.jpg,surprise
test_02862.jpg,happy
test_02863.jpg,neutral
test_02864.jpg,happy
test_02865.jpg,angry
test_02866.jpg,happy
test_02867.jpg,disgust
test_02868.jpg,surprise
test_02869.jpg,happy
test_02870.jpg,neutral
test_02871.jpg,neutral
test_02872.jpg,surprise
test_02873.jpg,happy
test_02874.jpg,neutral
test_02875.jpg,angry
test_02876.jpg,happy
test_02877.jpg,neutral
test_02878.jpg,neutral
test_02879.jpg,surprise
test_02880.jpg,neutral
test_02881.jpg,angry
test_02882.jpg,fear
test_02883.jpg,neutral
test_02884.jpg,happy
test_02885.jpg,neutral
test_02886.jpg,surprise
test_02887.jpg,sad
test_02888.jpg,happy
test_02889.jpg,sad
test_02890.jpg,fear
test_02891.jpg,sad
test_02892.jpg,happy
test_02893.jpg,neutral
test_02894.jpg,sad
test_02895.jpg,neutral
test_02896.jpg,sad
test_02897.jpg,happy
test_02898.jpg,fear
test_02899.jpg,sad
test_02900.jpg,happy
test_02901.jpg,neutral
test_02902.jpg,fear
test_02903.jpg,surprise
test_02904.jpg,neutral
test_02905.jpg,surprise
test_02906.jpg,happy
test_02907.jpg,neutral
test_02908.jpg,angry
test_02909.jpg,angry
test_02910.jpg,surprise
test_02911.jpg,happy
test_02912.jpg,happy
test_02913.jpg,happy
test_02914.jpg,disgust
test_02915.jpg,sad
test_02916.jpg,sad
test_02917.jpg,disgust
test_02918.jpg,happy
test_02919.jpg,sad
test_02920.jpg,neutral
test_02921.jpg,fear
test_02922.jpg,angry
test_02923.jpg,neutral
test_02924.jpg,surprise
test_02925.jpg,neutral
test_02926.jpg,happy
test_02927.jpg,happy
test_02928.jpg,happy
test_02929.jpg,sad
test_02930.jpg,fear
test_02931.jpg,disgust
test_02932.jpg,sad
test_02933.jpg,fear
test_02934.jpg,surprise
test_02935.jpg,neutral
test_02936.jpg,neutral
test_02937.jpg,angry
test_02938.jpg,sad
test_02939.jpg,fear
test_02940.jpg,sad
test_02941.jpg,angry
test_02942.jpg,sad
test_02943.jpg,happy
test_02944.jpg,neutral
test_02945.jpg,happy
test_02946.jpg,neutral
test_02947.jpg,neutral
test_02948.jpg,sad
test_02949.jpg,neutral
test_02950.jpg,neutral
test_02951.jpg,angry
test_02952.jpg,neutral
test_02953.jpg,sad
test_02954.jpg,happy
test_02955.jpg,neutral
test_02956.jpg,surprise
test_02957.jpg,happy
test_02958.jpg,sad
test_02959.jpg,happy
test_02960.jpg,fear
test_02961.jpg,neutral
test_02962.jpg,happy
test_02963.jpg,fear
test_02964.jpg,sad
test_02965.jpg,fear
test_02966.jpg,surprise
test_02967.jpg,fear
test_02968.jpg,happy
test_02969.jpg,fear
test_02970.jpg,angry
test_02971.jpg,happy
test_02972.jpg,neutral
test_02973.jpg,happy
test_02974.jpg,neutral
test_02975.jpg,neutral
test_02976.jpg,neutral
test_02977.jpg,neutral
test_02978.jpg,neutral
test_02979.jpg,neutral
test_02980.jpg,sad
test_02981.jpg,sad
test_02982.jpg,surprise
test_02983.jpg,fear
test_02984.jpg,happy
test_02985.jpg,sad
test_02986.jpg,fear
test_02987.jpg,happy
test_02988.jpg,surprise
test_02989.jpg,sad
test_02990.jpg,angry
test_02991.jpg,happy
test_02992.jpg,happy
test_02993.jpg,neutral
test_02994.jpg,surprise
test_02995.jpg,happy
test_02996.jpg,sad
test_02997.jpg,surprise
test_02998.jpg,surprise
test_02999.jpg,happy
test_03000.jpg,sad
test_03001.jpg,sad
test_03002.jpg,angry
test_03003.jpg,happy
test_03004.jpg,sad
test_03005.jpg,happy
test_03006.jpg,sad
test_03007.jpg,fear
test_03008.jpg,sad
test_03009.jpg,sad
test_03010.jpg,sad
test_03011.jpg,surprise
test_03012.jpg,happy
test_03013.jpg,angry
test_03014.jpg,surprise
test_03015.jpg,neutral
test_03016.jpg,happy
test_03017.jpg,neutral
test_03018.jpg,neutral
test_03019.jpg,happy
test_03020.jpg,angry
test_03021.jpg,happy
test_03022.jpg,angry
test_03023.jpg,sad
test_03024.jpg,neutral
test_03025.jpg,neutral
test_03026.jpg,sad
test_03027.jpg,happy
test_03028.jpg,angry
test_03029.jpg,disgust
test_03030.jpg,fear
test_03031.jpg,happy
test_03032.jpg,neutral
test_03033.jpg,neutral
test_03034.jpg,surprise
test_03035.jpg,happy
test_03036.jpg,disgust
test_03037.jpg,neutral
test_03038.jpg,disgust
test_03039.jpg,fear
test_03040.jpg,neutral
test_03041.jpg,sad
test_03042.jpg,angry
test_03043.jpg,angry
test_03044.jpg,angry
test_03045.jpg,neutral
test_03046.jpg,angry
test_03047.jpg,happy
test_03048.jpg,surprise
test_03049.jpg,happy
test_03050.jpg,sad
test_03051.jpg,happy
test_03052.jpg,happy
test_03053.jpg,happy
test_03054.jpg,neutral
test_03055.jpg,surprise
test_03056.jpg,neutral
test_03057.jpg,happy
test_03058.jpg,fear
test_03059.jpg,fear
test_03060.jpg,happy
test_03061.jpg,angry
test_03062.jpg,neutral
test_03063.jpg,angry
test_03064.jpg,happy
test_03065.jpg,neutral
test_03066.jpg,neutral
test_03067.jpg,angry
test_03068.jpg,surprise
test_03069.jpg,sad
test_03070.jpg,fear
test_03071.jpg,angry
test_03072.jpg,neutral
test_03073.jpg,surprise
test_03074.jpg,neutral
test_03075.jpg,surprise
test_03076.jpg,neutral
test_03077.jpg,surprise
test_03078.jpg,happy
test_03079.jpg,neutral
test_03080.jpg,surprise
test_03081.jpg,fear
test_03082.jpg,fear
test_03083.jpg,happy
test_03084.jpg,sad
test_03085.jpg,angry
test_03086.jpg,sad
test_03087.jpg,sad
test_03088.jpg,happy
test_03089.jpg,angry
test_03090.jpg,happy
test_03091.jpg,happy
test_03092.jpg,sad
test_03093.jpg,neutral
test_03094.jpg,sad
test_03095.jpg,angry
test_03096.jpg,surprise
test_03097.jpg,neutral
test_03098.jpg,sad
test_03099.jpg,happy
test_03100.jpg,happy
test_03101.jpg,happy
test_03102.jpg,angry
test_03103.jpg,sad
test_03104.jpg,happy
test_03105.jpg,happy
test_03106.jpg,sad
test_03107.jpg,neutral
test_03108.jpg,surprise
test_03109.jpg,sad
test_03110.jpg,neutral
test_03111.jpg,surprise
test_03112.jpg,happy
test_03113.jpg,sad
test_03114.jpg,surprise
test_03115.jpg,happy
test_03116.jpg,angry
test_03117.jpg,sad
test_03118.jpg,fear
test_03119.jpg,disgust
test_03120.jpg,happy
test_03121.jpg,angry
test_03122.jpg,sad
test_03123.jpg,fear
test_03124.jpg,fear
test_03125.jpg,happy
test_03126.jpg,sad
test_03127.jpg,fear
test_03128.jpg,happy
test_03129.jpg,happy
test_03130.jpg,disgust
test_03131.jpg,sad
test_03132.jpg,angry
test_03133.jpg,angry
test_03134.jpg,happy
test_03135.jpg,fear
test_03136.jpg,neutral
test_03137.jpg,sad
test_03138.jpg,fear
test_03139.jpg,sad
test_03140.jpg,sad
test_03141.jpg,happy
test_03142.jpg,surprise
test_03143.jpg,sad
test_03144.jpg,surprise
test_03145.jpg,surprise
test_03146.jpg,happy
test_03147.jpg,happy
test_03148.jpg,neutral
test_03149.jpg,fear
test_03150.jpg,fear
test_03151.jpg,fear
test_03152.jpg,surprise
test_03153.jpg,sad
test_03154.jpg,fear
test_03155.jpg,angry
test_03156.jpg,surprise
test_03157.jpg,happy
test_03158.jpg,happy
test_03159.jpg,happy
test_03160.jpg,happy
test_03161.jpg,neutral
test_03162.jpg,happy
test_03163.jpg,happy
test_03164.jpg,happy
test_03165.jpg,angry
test_03166.jpg,disgust
test_03167.jpg,surprise
test_03168.jpg,surprise
test_03169.jpg,happy
test_03170.jpg,neutral
test_03171.jpg,happy
test_03172.jpg,sad
test_03173.jpg,neutral
test_03174.jpg,happy
test_03175.jpg,happy
test_03176.jpg,happy
test_03177.jpg,angry
test_03178.jpg,angry
test_03179.jpg,sad
test_03180.jpg,sad
test_03181.jpg,angry
test_03182.jpg,happy
test_03183.jpg,happy
test_03184.jpg,sad
test_03185.jpg,happy
test_03186.jpg,angry
test_03187.jpg,happy
test_03188.jpg,angry
test_03189.jpg,surprise
test_03190.jpg,angry
test_03191.jpg,neutral
test_03192.jpg,neutral
test_03193.jpg,fear
test_03194.jpg,fear
test_03195.jpg,disgust
test_03196.jpg,happy
test_03197.jpg,happy
test_03198.jpg,surprise
test_03199.jpg,happy
test_03200.jpg,happy
test_03201.jpg,neutral
test_03202.jpg,surprise
test_03203.jpg,fear
test_03204.jpg,angry
test_03205.jpg,neutral
test_03206.jpg,sad
test_03207.jpg,angry
test_03208.jpg,fear
test_03209.jpg,fear
test_03210.jpg,happy
test_03211.jpg,happy
test_03212.jpg,sad
test_03213.jpg,neutral
test_03214.jpg,angry
test_03215.jpg,sad
test_03216.jpg,happy
test_03217.jpg,surprise
test_03218.jpg,angry
test_03219.jpg,neutral
test_03220.jpg,fear
test_03221.jpg,sad
test_03222.jpg,happy
test_03223.jpg,happy
test_03224.jpg,sad
test_03225.jpg,surprise
test_03226.jpg,fear
test_03227.jpg,angry
test_03228.jpg,happy
test_03229.jpg,surprise
test_03230.jpg,happy
test_03231.jpg,sad
test_03232.jpg,neutral
test_03233.jpg,fear
test_03234.jpg,happy
test_03235.jpg,neutral
test_03236.jpg,surprise
test_03237.jpg,angry
test_03238.jpg,neutral
test_03239.jpg,neutral
test_03240.jpg,happy
test_03241.jpg,fear
test_03242.jpg,sad
test_03243.jpg,angry
test_03244.jpg,sad
test_03245.jpg,sad
test_03246.jpg,surprise
test_03247.jpg,happy
test_03248.jpg,fear
test_03249.jpg,fear
test_03250.jpg,fear
test_03251.jpg,surprise
test_03252.jpg,neutral
test_03253.jpg,angry
test_03254.jpg,sad
test_03255.jpg,angry
test_03256.jpg,angry
test_03257.jpg,sad
test_03258.jpg,neutral
test_03259.jpg,surprise
test_03260.jpg,angry
test_03261.jpg,happy
test_03262.jpg,angry
test_03263.jpg,happy
test_03264.jpg,sad
test_03265.jpg,angry
test_03266.jpg,happy
test_03267.jpg,neutral
test_03268.jpg,surprise
test_03269.jpg,surprise
test_03270.jpg,neutral
test_03271.jpg,happy
test_03272.jpg,neutral
test_03273.jpg,sad
test_03274.jpg,neutral
test_03275.jpg,sad
test_03276.jpg,sad
test_03277.jpg,neutral
test_03278.jpg,sad
test_03279.jpg,happy
test_03280.jpg,fear
test_03281.jpg,sad
test_03282.jpg,fear
test_03283.jpg,sad
test_03284.jpg,happy
test_03285.jpg,sad
test_03286.jpg,happy
test_03287.jpg,disgust
test_03288.jpg,happy
test_03289.jpg,happy
test_03290.jpg,sad
test_03291.jpg,neutral
test_03292.jpg,angry
test_03293.jpg,fear
test_03294.jpg,happy
test_03295.jpg,disgust
test_03296.jpg,surprise
test_03297.jpg,fear
test_03298.jpg,happy
test_03299.jpg,sad
test_03300.jpg,surprise
test_03301.jpg,neutral
test_03302.jpg,surprise
test_03303.jpg,neutral
test_03304.jpg,happy
test_03305.jpg,sad
test_03306.jpg,sad
test_03307.jpg,sad
test_03308.jpg,happy
test_03309.jpg,fear
test_03310.jpg,angry
test_03311.jpg,neutral
test_03312.jpg,angry
test_03313.jpg,happy
test_03314.jpg,surprise
test_03315.jpg,sad
test_03316.jpg,angry
test_03317.jpg,neutral
test_03318.jpg,surprise
test_03319.jpg,angry
test_03320.jpg,fear
test_03321.jpg,neutral
test_03322.jpg,neutral
test_03323.jpg,sad
test_03324.jpg,angry
test_03325.jpg,surprise
test_03326.jpg,happy
test_03327.jpg,neutral
test_03328.jpg,sad
test_03329.jpg,happy
test_03330.jpg,surprise
test_03331.jpg,neutral
test_03332.jpg,angry
test_03333.jpg,fear
test_03334.jpg,sad
test_03335.jpg,sad
test_03336.jpg,neutral
test_03337.jpg,surprise
test_03338.jpg,angry
test_03339.jpg,sad
test_03340.jpg,happy
test_03341.jpg,happy
test_03342.jpg,fear
test_03343.jpg,neutral
test_03344.jpg,sad
test_03345.jpg,happy
test_03346.jpg,neutral
test_03347.jpg,surprise
test_03348.jpg,sad
test_03349.jpg,disgust
test_03350.jpg,sad
test_03351.jpg,angry
test_03352.jpg,surprise
test_03353.jpg,happy
test_03354.jpg,happy
test_03355.jpg,disgust
test_03356.jpg,angry
test_03357.jpg,happy
test_03358.jpg,sad
test_03359.jpg,neutral
test_03360.jpg,happy
test_03361.jpg,happy
test_03362.jpg,angry
test_03363.jpg,surprise
test_03364.jpg,neutral
test_03365.jpg,neutral
test_03366.jpg,neutral
test_03367.jpg,happy
test_03368.jpg,angry
test_03369.jpg,angry
test_03370.jpg,neutral
test_03371.jpg,sad
test_03372.jpg,fear
test_03373.jpg,happy
test_03374.jpg,neutral
test_03375.jpg,fear
test_03376.jpg,surprise
test_03377.jpg,happy
test_03378.jpg,fear
test_03379.jpg,fear
test_03380.jpg,fear
test_03381.jpg,neutral
test_03382.jpg,happy
test_03383.jpg,angry
test_03384.jpg,sad
test_03385.jpg,surprise
test_03386.jpg,happy
test_03387.jpg,sad
test_03388.jpg,happy
test_03389.jpg,neutral
test_03390.jpg,angry
test_03391.jpg,disgust
test_03392.jpg,surprise
test_03393.jpg,happy
test_03394.jpg,fear
test_03395.jpg,happy
test_03396.jpg,angry
test_03397.jpg,fear
test_03398.jpg,happy
test_03399.jpg,disgust
test_03400.jpg,happy
test_03401.jpg,neutral
test_03402.jpg,surprise
test_03403.jpg,neutral
test_03404.jpg,angry
test_03405.jpg,neutral
test_03406.jpg,neutral
test_03407.jpg,sad
test_03408.jpg,neutral
test_03409.jpg,surprise
test_03410.jpg,fear
test_03411.jpg,fear
test_03412.jpg,neutral
test_03413.jpg,sad
test_03414.jpg,surprise
test_03415.jpg,happy
test_03416.jpg,sad
test_03417.jpg,surprise
test_03418.jpg,sad
test_03419.jpg,sad
test_03420.jpg,sad
test_03421.jpg,disgust
test_03422.jpg,angry
test_03423.jpg,sad
test_03424.jpg,neutral
test_03425.jpg,neutral
test_03426.jpg,happy
test_03427.jpg,sad
test_03428.jpg,surprise
test_03429.jpg,surprise
test_03430.jpg,neutral
test_03431.jpg,neutral
test_03432.jpg,happy
test_03433.jpg,surprise
test_03434.jpg,surprise
test_03435.jpg,surprise
test_03436.jpg,sad
test_03437.jpg,neutral
test_03438.jpg,angry
test_03439.jpg,happy
test_03440.jpg,angry
test_03441.jpg,neutral
test_03442.jpg,surprise
test_03443.jpg,happy
test_03444.jpg,disgust
test_03445.jpg,surprise
test_03446.jpg,happy
test_03447.jpg,happy
test_03448.jpg,happy
test_03449.jpg,neutral
test_03450.jpg,neutral
test_03451.jpg,happy
test_03452.jpg,neutral
test_03453.jpg,sad
test_03454.jpg,sad
test_03455.jpg,fear
test_03456.jpg,happy
test_03457.jpg,sad
test_03458.jpg,surprise
test_03459.jpg,happy
test_03460.jpg,neutral
test_03461.jpg,surprise
test_03462.jpg,angry
test_03463.jpg,happy
test_03464.jpg,sad
test_03465.jpg,neutral
test_03466.jpg,neutral
test_03467.jpg,neutral
test_03468.jpg,sad
test_03469.jpg,angry
test_03470.jpg,happy
test_03471.jpg,surprise
test_03472.jpg,neutral
test_03473.jpg,sad
test_03474.jpg,happy
test_03475.jpg,fear
test_03476.jpg,happy
test_03477.jpg,sad
test_03478.jpg,neutral
test_03479.jpg,neutral
test_03480.jpg,happy
test_03481.jpg,angry
test_03482.jpg,fear
test_03483.jpg,surprise
test_03484.jpg,neutral
test_03485.jpg,sad
test_03486.jpg,angry
test_03487.jpg,sad
test_03488.jpg,happy
test_03489.jpg,neutral
test_03490.jpg,angry
test_03491.jpg,sad
test_03492.jpg,happy
test_03493.jpg,happy
test_03494.jpg,sad
test_03495.jpg,happy
test_03496.jpg,fear
test_03497.jpg,happy
test_03498.jpg,fear
test_03499.jpg,angry
test_03500.jpg,surprise
test_03501.jpg,happy
test_03502.jpg,neutral
test_03503.jpg,neutral
test_03504.jpg,neutral
test_03505.jpg,sad
test_03506.jpg,sad
test_03507.jpg,fear
test_03508.jpg,neutral
test_03509.jpg,happy
test_03510.jpg,happy
test_03511.jpg,happy
test_03512.jpg,fear
test_03513.jpg,surprise
test_03514.jpg,fear
test_03515.jpg,sad
test_03516.jpg,happy
test_03517.jpg,surprise
test_03518.jpg,neutral
test_03519.jpg,happy
test_03520.jpg,happy
test_03521.jpg,surprise
test_03522.jpg,fear
test_03523.jpg,happy
test_03524.jpg,happy
test_03525.jpg,neutral
test_03526.jpg,sad
test_03527.jpg,happy
test_03528.jpg,sad
test_03529.jpg,fear
test_03530.jpg,happy
test_03531.jpg,surprise
test_03532.jpg,angry
test_03533.jpg,fear
test_03534.jpg,neutral
test_03535.jpg,fear
test_03536.jpg,happy
test_03537.jpg,neutral
test_03538.jpg,happy
test_03539.jpg,happy
test_03540.jpg,sad
test_03541.jpg,surprise
test_03542.jpg,sad
test_03543.jpg,angry
test_03544.jpg,neutral
test_03545.jpg,neutral
test_03546.jpg,happy
test_03547.jpg,angry
test_03548.jpg,fear
test_03549.jpg,sad
test_03550.jpg,neutral
test_03551.jpg,angry
test_03552.jpg,happy
test_03553.jpg,angry
test_03554.jpg,angry
test_03555.jpg,disgust
test_03556.jpg,happy
test_03557.jpg,disgust
test_03558.jpg,sad
test_03559.jpg,fear
test_03560.jpg,surprise
test_03561.jpg,happy
test_03562.jpg,happy
test_03563.jpg,angry
test_03564.jpg,happy
test_03565.jpg,happy
test_03566.jpg,happy
test_03567.jpg,sad
test_03568.jpg,neutral
test_03569.jpg,neutral
test_03570.jpg,surprise
test_03571.jpg,angry
test_03572.jpg,surprise
test_03573.jpg,happy
test_03574.jpg,sad
test_03575.jpg,neutral
test_03576.jpg,fear
test_03577.jpg,fear
test_03578.jpg,sad
test_03579.jpg,happy
test_03580.jpg,fear
test_03581.jpg,sad
test_03582.jpg,fear
test_03583.jpg,happy
test_03584.jpg,fear
test_03585.jpg,happy
test_03586.jpg,neutral
test_03587.jpg,neutral
test_03588.jpg,happy
test_03589.jpg,sad
test_03590.jpg,neutral
test_03591.jpg,angry
test_03592.jpg,surprise
test_03593.jpg,neutral
test_03594.jpg,happy
test_03595.jpg,neutral
test_03596.jpg,fear
test_03597.jpg,sad
test_03598.jpg,sad
test_03599.jpg,angry
test_03600.jpg,angry
test_03601.jpg,fear
test_03602.jpg,angry
test_03603.jpg,fear
test_03604.jpg,happy
test_03605.jpg,neutral
test_03606.jpg,sad
test_03607.jpg,sad
test_03608.jpg,sad
test_03609.jpg,fear
test_03610.jpg,sad
test_03611.jpg,neutral
test_03612.jpg,fear
test_03613.jpg,neutral
test_03614.jpg,sad
test_03615.jpg,fear
test_03616.jpg,neutral
test_03617.jpg,fear
test_03618.jpg,surprise
test_03619.jpg,happy
test_03620.jpg,neutral
test_03621.jpg,neutral
test_03622.jpg,sad
test_03623.jpg,happy
test_03624.jpg,happy
test_03625.jpg,sad
test_03626.jpg,sad
test_03627.jpg,fear
test_03628.jpg,fear
test_03629.jpg,sad
test_03630.jpg,neutral
test_03631.jpg,neutral
test_03632.jpg,neutral
test_03633.jpg,angry
test_03634.jpg,sad
test_03635.jpg,fear
test_03636.jpg,sad
test_03637.jpg,happy
test_03638.jpg,angry
test_03639.jpg,sad
test_03640.jpg,happy
test_03641.jpg,sad
test_03642.jpg,neutral
test_03643.jpg,angry
test_03644.jpg,happy
test_03645.jpg,surprise
test_03646.jpg,angry
test_03647.jpg,surprise
test_03648.jpg,neutral
test_03649.jpg,sad
test_03650.jpg,sad
test_03651.jpg,neutral
test_03652.jpg,happy
test_03653.jpg,happy
test_03654.jpg,neutral
test_03655.jpg,neutral
test_03656.jpg,fear
test_03657.jpg,sad
test_03658.jpg,surprise
test_03659.jpg,disgust
test_03660.jpg,fear
test_03661.jpg,happy
test_03662.jpg,fear
test_03663.jpg,sad
test_03664.jpg,sad
test_03665.jpg,sad
test_03666.jpg,angry
test_03667.jpg,fear
test_03668.jpg,surprise
test_03669.jpg,sad
test_03670.jpg,neutral
test_03671.jpg,angry
test_03672.jpg,surprise
test_03673.jpg,angry
test_03674.jpg,angry
test_03675.jpg,neutral
test_03676.jpg,surprise
test_03677.jpg,sad
test_03678.jpg,surprise
test_03679.jpg,fear
test_03680.jpg,fear
test_03681.jpg,neutral
test_03682.jpg,fear
test_03683.jpg,surprise
test_03684.jpg,sad
test_03685.jpg,sad
test_03686.jpg,happy
test_03687.jpg,neutral
test_03688.jpg,disgust
test_03689.jpg,surprise
test_03690.jpg,sad
test_03691.jpg,fear
test_03692.jpg,sad
test_03693.jpg,sad
test_03694.jpg,happy
test_03695.jpg,neutral
test_03696.jpg,sad
test_03697.jpg,fear
test_03698.jpg,angry
test_03699.jpg,happy
test_03700.jpg,fear
test_03701.jpg,surprise
test_03702.jpg,surprise
test_03703.jpg,neutral
test_03704.jpg,surprise
test_03705.jpg,surprise
test_03706.jpg,happy
test_03707.jpg,neutral
test_03708.jpg,happy
test_03709.jpg,sad
test_03710.jpg,neutral
test_03711.jpg,happy
test_03712.jpg,surprise
test_03713.jpg,happy
test_03714.jpg,angry
test_03715.jpg,angry
test_03716.jpg,happy
test_03717.jpg,sad
test_03718.jpg,surprise
test_03719.jpg,sad
test_03720.jpg,happy
test_03721.jpg,neutral
test_03722.jpg,angry
test_03723.jpg,fear
test_03724.jpg,fear
test_03725.jpg,neutral
test_03726.jpg,neutral
test_03727.jpg,fear
test_03728.jpg,sad
test_03729.jpg,happy
test_03730.jpg,happy
test_03731.jpg,neutral
test_03732.jpg,angry
test_03733.jpg,happy
test_03734.jpg,surprise
test_03735.jpg,happy
test_03736.jpg,happy
test_03737.jpg,fear
test_03738.jpg,fear
test_03739.jpg,fear
test_03740.jpg,neutral
test_03741.jpg,neutral
test_03742.jpg,happy
test_03743.jpg,angry
test_03744.jpg,fear
test_03745.jpg,disgust
test_03746.jpg,neutral
test_03747.jpg,surprise
test_03748.jpg,surprise
test_03749.jpg,sad
test_03750.jpg,angry
test_03751.jpg,happy
test_03752.jpg,happy
test_03753.jpg,happy
test_03754.jpg,sad
test_03755.jpg,fear
test_03756.jpg,disgust
test_03757.jpg,fear
test_03758.jpg,surprise
test_03759.jpg,neutral
test_03760.jpg,sad
test_03761.jpg,fear
test_03762.jpg,sad
test_03763.jpg,neutral
test_03764.jpg,happy
test_03765.jpg,surprise
test_03766.jpg,fear
test_03767.jpg,angry
test_03768.jpg,happy
test_03769.jpg,neutral
test_03770.jpg,happy
test_03771.jpg,happy
test_03772.jpg,sad
test_03773.jpg,neutral
test_03774.jpg,surprise
test_03775.jpg,fear
test_03776.jpg,neutral
test_03777.jpg,sad
test_03778.jpg,sad
test_03779.jpg,neutral
test_03780.jpg,sad
test_03781.jpg,surprise
test_03782.jpg,happy
test_03783.jpg,surprise
test_03784.jpg,happy
test_03785.jpg,happy
test_03786.jpg,angry
test_03787.jpg,happy
test_03788.jpg,surprise
test_03789.jpg,sad
test_03790.jpg,surprise
test_03791.jpg,sad
test_03792.jpg,happy
test_03793.jpg,neutral
test_03794.jpg,fear
test_03795.jpg,happy
test_03796.jpg,neutral
test_03797.jpg,sad
test_03798.jpg,sad
test_03799.jpg,neutral
test_03800.jpg,sad
test_03801.jpg,neutral
test_03802.jpg,sad
test_03803.jpg,surprise
test_03804.jpg,neutral
test_03805.jpg,happy
test_03806.jpg,angry
test_03807.jpg,happy
test_03808.jpg,happy
test_03809.jpg,fear
test_03810.jpg,angry
test_03811.jpg,neutral
test_03812.jpg,surprise
test_03813.jpg,happy
test_03814.jpg,fear
test_03815.jpg,happy
test_03816.jpg,surprise
test_03817.jpg,angry
test_03818.jpg,fear
test_03819.jpg,fear
test_03820.jpg,disgust
test_03821.jpg,angry
test_03822.jpg,sad
test_03823.jpg,happy
test_03824.jpg,sad
test_03825.jpg,surprise
test_03826.jpg,happy
test_03827.jpg,neutral
test_03828.jpg,disgust
test_03829.jpg,happy
test_03830.jpg,happy
test_03831.jpg,happy
test_03832.jpg,fear
test_03833.jpg,fear
test_03834.jpg,happy
test_03835.jpg,neutral
test_03836.jpg,angry
test_03837.jpg,angry
test_03838.jpg,happy
test_03839.jpg,surprise
test_03840.jpg,surprise
test_03841.jpg,angry
test_03842.jpg,angry
test_03843.jpg,happy
test_03844.jpg,neutral
test_03845.jpg,sad
test_03846.jpg,surprise
test_03847.jpg,happy
test_03848.jpg,fear
test_03849.jpg,happy
test_03850.jpg,sad
test_03851.jpg,angry
test_03852.jpg,happy
test_03853.jpg,surprise
test_03854.jpg,happy
test_03855.jpg,happy
test_03856.jpg,disgust
test_03857.jpg,sad
test_03858.jpg,neutral
test_03859.jpg,fear
test_03860.jpg,neutral
test_03861.jpg,neutral
test_03862.jpg,surprise
test_03863.jpg,happy
test_03864.jpg,happy
test_03865.jpg,sad
test_03866.jpg,neutral
test_03867.jpg,sad
test_03868.jpg,happy
test_03869.jpg,angry
test_03870.jpg,angry
test_03871.jpg,angry
test_03872.jpg,happy
test_03873.jpg,angry
test_03874.jpg,happy
test_03875.jpg,happy
test_03876.jpg,happy
test_03877.jpg,neutral
test_03878.jpg,surprise
test_03879.jpg,neutral
test_03880.jpg,sad
test_03881.jpg,angry
test_03882.jpg,happy
test_03883.jpg,neutral
test_03884.jpg,sad
test_03885.jpg,angry
test_03886.jpg,happy
test_03887.jpg,happy
test_03888.jpg,happy
test_03889.jpg,surprise
test_03890.jpg,sad
test_03891.jpg,sad
test_03892.jpg,angry
test_03893.jpg,surprise
test_03894.jpg,neutral
test_03895.jpg,happy
test_03896.jpg,sad
test_03897.jpg,happy
test_03898.jpg,neutral
test_03899.jpg,surprise
test_03900.jpg,disgust
test_03901.jpg,sad
test_03902.jpg,happy
test_03903.jpg,happy
test_03904.jpg,happy
test_03905.jpg,happy
test_03906.jpg,fear
test_03907.jpg,sad
test_03908.jpg,surprise
test_03909.jpg,neutral
test_03910.jpg,happy
test_03911.jpg,angry
test_03912.jpg,angry
test_03913.jpg,fear
test_03914.jpg,angry
test_03915.jpg,sad
test_03916.jpg,happy
test_03917.jpg,angry
test_03918.jpg,angry
test_03919.jpg,angry
test_03920.jpg,happy
test_03921.jpg,fear
test_03922.jpg,sad
test_03923.jpg,happy
test_03924.jpg,surprise
test_03925.jpg,happy
test_03926.jpg,sad
test_03927.jpg,sad
test_03928.jpg,sad
test_03929.jpg,sad
test_03930.jpg,neutral
test_03931.jpg,neutral
test_03932.jpg,fear
test_03933.jpg,fear
test_03934.jpg,fear
test_03935.jpg,angry
test_03936.jpg,happy
test_03937.jpg,surprise
test_03938.jpg,angry
test_03939.jpg,happy
test_03940.jpg,happy
test_03941.jpg,surprise
test_03942.jpg,sad
test_03943.jpg,angry
test_03944.jpg,angry
test_03945.jpg,happy
test_03946.jpg,happy
test_03947.jpg,angry
test_03948.jpg,happy
test_03949.jpg,sad
test_03950.jpg,sad
test_03951.jpg,surprise
test_03952.jpg,surprise
test_03953.jpg,surprise
test_03954.jpg,surprise
test_03955.jpg,happy
test_03956.jpg,sad
test_03957.jpg,happy
test_03958.jpg,neutral
test_03959.jpg,neutral
test_03960.jpg,sad
test_03961.jpg,surprise
test_03962.jpg,surprise
test_03963.jpg,surprise
test_03964.jpg,angry
test_03965.jpg,surprise
test_03966.jpg,angry
test_03967.jpg,happy
test_03968.jpg,happy
test_03969.jpg,sad
test_03970.jpg,angry
test_03971.jpg,angry
test_03972.jpg,fear
test_03973.jpg,surprise
test_03974.jpg,sad
test_03975.jpg,angry
test_03976.jpg,happy
test_03977.jpg,neutral
test_03978.jpg,neutral
test_03979.jpg,happy
test_03980.jpg,neutral
test_03981.jpg,fear
test_03982.jpg,fear
test_03983.jpg,angry
test_03984.jpg,fear
test_03985.jpg,sad
test_03986.jpg,happy
test_03987.jpg,happy
test_03988.jpg,fear
test_03989.jpg,sad
test_03990.jpg,surprise
test_03991.jpg,surprise
test_03992.jpg,neutral
test_03993.jpg,surprise
test_03994.jpg,sad
test_03995.jpg,surprise
test_03996.jpg,sad
test_03997.jpg,surprise
test_03998.jpg,surprise
test_03999.jpg,happy
test_04000.jpg,sad
test_04001.jpg,angry
test_04002.jpg,neutral
test_04003.jpg,angry
test_04004.jpg,neutral
test_04005.jpg,surprise
test_04006.jpg,angry
test_04007.jpg,angry
test_04008.jpg,angry
test_04009.jpg,sad
test_04010.jpg,fear
test_04011.jpg,happy
test_04012.jpg,fear
test_04013.jpg,angry
test_04014.jpg,neutral
test_04015.jpg,happy
test_04016.jpg,neutral
test_04017.jpg,neutral
test_04018.jpg,surprise
test_04019.jpg,neutral
test_04020.jpg,sad
test_04021.jpg,sad
test_04022.jpg,angry
test_04023.jpg,happy
test_04024.jpg,surprise
test_04025.jpg,fear
test_04026.jpg,fear
test_04027.jpg,happy
test_04028.jpg,surprise
test_04029.jpg,neutral
test_04030.jpg,fear
test_04031.jpg,happy
test_04032.jpg,neutral
test_04033.jpg,happy
test_04034.jpg,happy
test_04035.jpg,sad
test_04036.jpg,sad
test_04037.jpg,angry
test_04038.jpg,neutral
test_04039.jpg,sad
test_04040.jpg,neutral
test_04041.jpg,neutral
test_04042.jpg,angry
test_04043.jpg,happy
test_04044.jpg,sad
test_04045.jpg,happy
test_04046.jpg,angry
test_04047.jpg,neutral
test_04048.jpg,surprise
test_04049.jpg,happy
test_04050.jpg,neutral
test_04051.jpg,angry
test_04052.jpg,disgust
test_04053.jpg,sad
test_04054.jpg,sad
test_04055.jpg,surprise
test_04056.jpg,fear
test_04057.jpg,sad
test_04058.jpg,happy
test_04059.jpg,surprise
test_04060.jpg,angry
test_04061.jpg,happy
test_04062.jpg,neutral
test_04063.jpg,sad
test_04064.jpg,angry
test_04065.jpg,neutral
test_04066.jpg,neutral
test_04067.jpg,neutral
test_04068.jpg,happy
test_04069.jpg,happy
test_04070.jpg,neutral
test_04071.jpg,fear
test_04072.jpg,surprise
test_04073.jpg,fear
test_04074.jpg,fear
test_04075.jpg,fear
test_04076.jpg,fear
test_04077.jpg,angry
test_04078.jpg,sad
test_04079.jpg,fear
test_04080.jpg,disgust
test_04081.jpg,angry
test_04082.jpg,fear
test_04083.jpg,disgust
test_04084.jpg,neutral
test_04085.jpg,sad
test_04086.jpg,happy
test_04087.jpg,angry
test_04088.jpg,fear
test_04089.jpg,fear
test_04090.jpg,sad
test_04091.jpg,sad
test_04092.jpg,sad
test_04093.jpg,happy
test_04094.jpg,sad
test_04095.jpg,fear
test_04096.jpg,fear
test_04097.jpg,neutral
test_04098.jpg,happy
test_04099.jpg,happy
test_04100.jpg,angry
test_04101.jpg,neutral
test_04102.jpg,neutral
test_04103.jpg,sad
test_04104.jpg,sad
test_04105.jpg,happy
test_04106.jpg,happy
test_04107.jpg,sad
test_04108.jpg,happy
test_04109.jpg,angry
test_04110.jpg,angry
test_04111.jpg,neutral
test_04112.jpg,surprise
test_04113.jpg,fear
test_04114.jpg,happy
test_04115.jpg,surprise
test_04116.jpg,neutral
test_04117.jpg,happy
test_04118.jpg,angry
test_04119.jpg,fear
test_04120.jpg,surprise
test_04121.jpg,fear
test_04122.jpg,surprise
test_04123.jpg,surprise
test_04124.jpg,sad
test_04125.jpg,happy
test_04126.jpg,angry
test_04127.jpg,fear
test_04128.jpg,happy
test_04129.jpg,sad
test_04130.jpg,happy
test_04131.jpg,neutral
test_04132.jpg,fear
test_04133.jpg,sad
test_04134.jpg,neutral
test_04135.jpg,happy
test_04136.jpg,surprise
test_04137.jpg,disgust
test_04138.jpg,happy
test_04139.jpg,neutral
test_04140.jpg,neutral
test_04141.jpg,sad
test_04142.jpg,neutral
test_04143.jpg,surprise
test_04144.jpg,sad
test_04145.jpg,angry
test_04146.jpg,surprise
test_04147.jpg,fear
test_04148.jpg,happy
test_04149.jpg,disgust
test_04150.jpg,fear
test_04151.jpg,fear
test_04152.jpg,fear
test_04153.jpg,happy
test_04154.jpg,disgust
test_04155.jpg,happy
test_04156.jpg,sad
test_04157.jpg,happy
test_04158.jpg,angry
test_04159.jpg,angry
test_04160.jpg,angry
test_04161.jpg,neutral
test_04162.jpg,angry
test_04163.jpg,fear
test_04164.jpg,happy
test_04165.jpg,happy
test_04166.jpg,happy
test_04167.jpg,fear
test_04168.jpg,happy
test_04169.jpg,neutral
test_04170.jpg,happy
test_04171.jpg,fear
test_04172.jpg,fear
test_04173.jpg,surprise
test_04174.jpg,surprise
test_04175.jpg,happy
test_04176.jpg,surprise
test_04177.jpg,happy
test_04178.jpg,fear
test_04179.jpg,disgust
test_04180.jpg,angry
test_04181.jpg,happy
test_04182.jpg,neutral
test_04183.jpg,neutral
test_04184.jpg,sad
test_04185.jpg,happy
test_04186.jpg,fear
test_04187.jpg,sad
test_04188.jpg,neutral
test_04189.jpg,happy
test_04190.jpg,angry
test_04191.jpg,neutral
test_04192.jpg,fear
test_04193.jpg,neutral
test_04194.jpg,neutral
test_04195.jpg,angry
test_04196.jpg,sad
test_04197.jpg,fear
test_04198.jpg,happy
test_04199.jpg,neutral
test_04200.jpg,surprise
test_04201.jpg,sad
test_04202.jpg,neutral
test_04203.jpg,surprise
test_04204.jpg,fear
test_04205.jpg,neutral
test_04206.jpg,sad
test_04207.jpg,disgust
test_04208.jpg,happy
test_04209.jpg,surprise
test_04210.jpg,fear
test_04211.jpg,angry
test_04212.jpg,fear
test_04213.jpg,angry
test_04214.jpg,sad
test_04215.jpg,happy
test_04216.jpg,happy
test_04217.jpg,happy
test_04218.jpg,neutral
test_04219.jpg,neutral
test_04220.jpg,angry
test_04221.jpg,disgust
test_04222.jpg,neutral
test_04223.jpg,neutral
test_04224.jpg,neutral
test_04225.jpg,angry
test_04226.jpg,surprise
test_04227.jpg,fear
test_04228.jpg,neutral
test_04229.jpg,sad
test_04230.jpg,happy
test_04231.jpg,sad
test_04232.jpg,sad
test_04233.jpg,disgust
test_04234.jpg,neutral
test_04235.jpg,happy
test_04236.jpg,fear
test_04237.jpg,angry
test_04238.jpg,angry
test_04239.jpg,happy
test_04240.jpg,happy
test_04241.jpg,angry
test_04242.jpg,neutral
test_04243.jpg,angry
test_04244.jpg,fear
test_04245.jpg,angry
test_04246.jpg,angry
test_04247.jpg,sad
test_04248.jpg,fear
test_04249.jpg,happy
test_04250.jpg,angry
test_04251.jpg,surprise
test_04252.jpg,disgust
test_04253.jpg,sad
test_04254.jpg,neutral
test_04255.jpg,happy
test_04256.jpg,neutral
test_04257.jpg,sad
test_04258.jpg,neutral
test_04259.jpg,angry
test_04260.jpg,happy
test_04261.jpg,neutral
test_04262.jpg,surprise
test_04263.jpg,happy
test_04264.jpg,happy
test_04265.jpg,sad
test_04266.jpg,neutral
test_04267.jpg,surprise
test_04268.jpg,angry
test_04269.jpg,fear
test_04270.jpg,happy
test_04271.jpg,fear
test_04272.jpg,sad
test_04273.jpg,angry
test_04274.jpg,sad
test_04275.jpg,happy
test_04276.jpg,sad
test_04277.jpg,angry
test_04278.jpg,happy
test_04279.jpg,angry
test_04280.jpg,angry
test_04281.jpg,disgust
test_04282.jpg,fear
test_04283.jpg,angry
test_04284.jpg,sad
test_04285.jpg,angry
test_04286.jpg,neutral
test_04287.jpg,sad
test_04288.jpg,happy
test_04289.jpg,happy
test_04290.jpg,sad
test_04291.jpg,neutral
test_04292.jpg,happy
test_04293.jpg,happy
test_04294.jpg,happy
test_04295.jpg,sad
test_04296.jpg,angry
test_04297.jpg,angry
test_04298.jpg,neutral
test_04299.jpg,sad
test_04300.jpg,neutral
test_04301.jpg,neutral
test_04302.jpg,sad
test_04303.jpg,happy
test_04304.jpg,surprise
test_04305.jpg,sad
test_04306.jpg,neutral
test_04307.jpg,sad
test_04308.jpg,neutral
test_04309.jpg,happy
test_04310.jpg,happy
test_04311.jpg,surprise
test_04312.jpg,happy
test_04313.jpg,surprise
test_04314.jpg,fear
test_04315.jpg,angry
test_04316.jpg,neutral
test_04317.jpg,fear
test_04318.jpg,happy
test_04319.jpg,happy
test_04320.jpg,neutral
test_04321.jpg,neutral
test_04322.jpg,happy
test_04323.jpg,neutral
test_04324.jpg,disgust
test_04325.jpg,sad
test_04326.jpg,angry
test_04327.jpg,angry
test_04328.jpg,angry
test_04329.jpg,angry
test_04330.jpg,neutral
test_04331.jpg,neutral
test_04332.jpg,neutral
test_04333.jpg,happy
test_04334.jpg,neutral
test_04335.jpg,fear
test_04336.jpg,angry
test_04337.jpg,fear
test_04338.jpg,surprise
test_04339.jpg,fear
test_04340.jpg,neutral
test_04341.jpg,sad
test_04342.jpg,neutral
test_04343.jpg,fear
test_04344.jpg,fear
test_04345.jpg,neutral
test_04346.jpg,fear
test_04347.jpg,neutral
test_04348.jpg,angry
test_04349.jpg,happy
test_04350.jpg,sad
test_04351.jpg,sad
test_04352.jpg,fear
test_04353.jpg,neutral
test_04354.jpg,angry
test_04355.jpg,neutral
test_04356.jpg,sad
test_04357.jpg,happy
test_04358.jpg,angry
test_04359.jpg,happy
test_04360.jpg,angry
test_04361.jpg,fear
test_04362.jpg,sad
test_04363.jpg,sad
test_04364.jpg,sad
test_04365.jpg,happy
test_04366.jpg,neutral
test_04367.jpg,happy
test_04368.jpg,sad
test_04369.jpg,fear
test_04370.jpg,happy
test_04371.jpg,neutral
test_04372.jpg,surprise
test_04373.jpg,happy
test_04374.jpg,sad
test_04375.jpg,neutral
test_04376.jpg,happy
test_04377.jpg,happy
test_04378.jpg,surprise
test_04379.jpg,sad
test_04380.jpg,happy
test_04381.jpg,surprise
test_04382.jpg,fear
test_04383.jpg,angry
test_04384.jpg,neutral
test_04385.jpg,happy
test_04386.jpg,happy
test_04387.jpg,angry
test_04388.jpg,happy
test_04389.jpg,neutral
test_04390.jpg,neutral
test_04391.jpg,neutral
test_04392.jpg,surprise
test_04393.jpg,fear
test_04394.jpg,neutral
test_04395.jpg,fear
test_04396.jpg,sad
test_04397.jpg,surprise
test_04398.jpg,surprise
test_04399.jpg,happy
test_04400.jpg,neutral
test_04401.jpg,surprise
test_04402.jpg,neutral
test_04403.jpg,happy
test_04404.jpg,happy
test_04405.jpg,happy
test_04406.jpg,neutral
test_04407.jpg,fear
test_04408.jpg,sad
test_04409.jpg,happy
test_04410.jpg,disgust
test_04411.jpg,surprise
test_04412.jpg,surprise
test_04413.jpg,sad
test_04414.jpg,happy
test_04415.jpg,angry
test_04416.jpg,happy
test_04417.jpg,happy
test_04418.jpg,happy
test_04419.jpg,happy
test_04420.jpg,neutral
test_04421.jpg,sad
test_04422.jpg,fear
test_04423.jpg,surprise
test_04424.jpg,neutral
test_04425.jpg,sad
test_04426.jpg,neutral
test_04427.jpg,neutral
test_04428.jpg,happy
test_04429.jpg,neutral
test_04430.jpg,neutral
test_04431.jpg,happy
test_04432.jpg,fear
test_04433.jpg,happy
test_04434.jpg,sad
test_04435.jpg,sad
test_04436.jpg,happy
test_04437.jpg,surprise
test_04438.jpg,happy
test_04439.jpg,surprise
test_04440.jpg,sad
test_04441.jpg,happy
test_04442.jpg,surprise
test_04443.jpg,fear
test_04444.jpg,angry
test_04445.jpg,neutral
test_04446.jpg,surprise
test_04447.jpg,happy
test_04448.jpg,sad
test_04449.jpg,fear
test_04450.jpg,happy
test_04451.jpg,fear
test_04452.jpg,neutral
test_04453.jpg,happy
test_04454.jpg,sad
test_04455.jpg,happy
test_04456.jpg,fear
test_04457.jpg,sad
test_04458.jpg,angry
test_04459.jpg,happy
test_04460.jpg,happy
test_04461.jpg,neutral
test_04462.jpg,happy
test_04463.jpg,neutral
test_04464.jpg,angry
test_04465.jpg,sad
test_04466.jpg,neutral
test_04467.jpg,disgust
test_04468.jpg,fear
test_04469.jpg,happy
test_04470.jpg,fear
test_04471.jpg,sad
test_04472.jpg,fear
test_04473.jpg,neutral
test_04474.jpg,neutral
test_04475.jpg,fear
test_04476.jpg,angry
test_04477.jpg,happy
test_04478.jpg,neutral
test_04479.jpg,fear
test_04480.jpg,happy
test_04481.jpg,angry
test_04482.jpg,surprise
test_04483.jpg,sad
test_04484.jpg,fear
test_04485.jpg,sad
test_04486.jpg,angry
test_04487.jpg,happy
test_04488.jpg,surprise
test_04489.jpg,disgust
test_04490.jpg,fear
test_04491.jpg,neutral
test_04492.jpg,sad
test_04493.jpg,surprise
test_04494.jpg,surprise
test_04495.jpg,fear
test_04496.jpg,sad
test_04497.jpg,happy
test_04498.jpg,happy
test_04499.jpg,angry
test_04500.jpg,surprise
test_04501.jpg,angry
test_04502.jpg,disgust
test_04503.jpg,neutral
test_04504.jpg,happy
test_04505.jpg,angry
test_04506.jpg,sad
test_04507.jpg,neutral
test_04508.jpg,neutral
test_04509.jpg,surprise
test_04510.jpg,neutral
test_04511.jpg,surprise
test_04512.jpg,neutral
test_04513.jpg,neutral
test_04514.jpg,fear
test_04515.jpg,happy
test_04516.jpg,surprise
test_04517.jpg,sad
test_04518.jpg,angry
test_04519.jpg,neutral
test_04520.jpg,happy
test_04521.jpg,happy
test_04522.jpg,sad
test_04523.jpg,sad
test_04524.jpg,angry
test_04525.jpg,sad
test_04526.jpg,surprise
test_04527.jpg,happy
test_04528.jpg,happy
test_04529.jpg,surprise
test_04530.jpg,fear
test_04531.jpg,angry
test_04532.jpg,angry
test_04533.jpg,angry
test_04534.jpg,fear
test_04535.jpg,neutral
test_04536.jpg,surprise
test_04537.jpg,happy
test_04538.jpg,sad
test_04539.jpg,happy
test_04540.jpg,neutral
test_04541.jpg,happy
test_04542.jpg,neutral
test_04543.jpg,fear
test_04544.jpg,happy
test_04545.jpg,sad
test_04546.jpg,surprise
test_04547.jpg,fear
test_04548.jpg,surprise
test_04549.jpg,happy
test_04550.jpg,angry
test_04551.jpg,neutral
test_04552.jpg,sad
test_04553.jpg,happy
test_04554.jpg,surprise
test_04555.jpg,neutral
test_04556.jpg,sad
test_04557.jpg,neutral
test_04558.jpg,happy
test_04559.jpg,fear
test_04560.jpg,sad
test_04561.jpg,angry
test_04562.jpg,sad
test_04563.jpg,fear
test_04564.jpg,angry
test_04565.jpg,sad
test_04566.jpg,surprise
test_04567.jpg,fear
test_04568.jpg,neutral
test_04569.jpg,surprise
test_04570.jpg,surprise
test_04571.jpg,happy
test_04572.jpg,angry
test_04573.jpg,angry
test_04574.jpg,happy
test_04575.jpg,neutral
test_04576.jpg,angry
test_04577.jpg,sad
test_04578.jpg,sad
test_04579.jpg,surprise
test_04580.jpg,neutral
test_04581.jpg,fear
test_04582.jpg,happy
test_04583.jpg,neutral
test_04584.jpg,neutral
test_04585.jpg,happy
test_04586.jpg,fear
test_04587.jpg,neutral
test_04588.jpg,angry
test_04589.jpg,angry
test_04590.jpg,angry
test_04591.jpg,neutral
test_04592.jpg,neutral
test_04593.jpg,happy
test_04594.jpg,angry
test_04595.jpg,fear
test_04596.jpg,neutral
test_04597.jpg,sad
test_04598.jpg,sad
test_04599.jpg,surprise
test_04600.jpg,neutral
test_04601.jpg,surprise
test_04602.jpg,fear
test_04603.jpg,neutral
test_04604.jpg,sad
test_04605.jpg,fear
test_04606.jpg,neutral
test_04607.jpg,sad
test_04608.jpg,surprise
test_04609.jpg,neutral
test_04610.jpg,neutral
test_04611.jpg,happy
test_04612.jpg,sad
test_04613.jpg,happy
test_04614.jpg,happy
test_04615.jpg,angry
test_04616.jpg,happy
test_04617.jpg,angry
test_04618.jpg,fear
test_04619.jpg,sad
test_04620.jpg,fear
test_04621.jpg,happy
test_04622.jpg,neutral
test_04623.jpg,neutral
test_04624.jpg,neutral
test_04625.jpg,fear
test_04626.jpg,happy
test_04627.jpg,surprise
test_04628.jpg,fear
test_04629.jpg,happy
test_04630.jpg,angry
test_04631.jpg,angry
test_04632.jpg,happy
test_04633.jpg,neutral
test_04634.jpg,happy
test_04635.jpg,fear
test_04636.jpg,sad
test_04637.jpg,happy
test_04638.jpg,happy
test_04639.jpg,fear
test_04640.jpg,sad
test_04641.jpg,sad
test_04642.jpg,neutral
test_04643.jpg,happy
test_04644.jpg,happy
test_04645.jpg,surprise
test_04646.jpg,fear
test_04647.jpg,neutral
test_04648.jpg,angry
test_04649.jpg,fear
test_04650.jpg,happy
test_04651.jpg,fear
test_04652.jpg,sad
test_04653.jpg,neutral
test_04654.jpg,sad
test_04655.jpg,surprise
test_04656.jpg,sad
test_04657.jpg,neutral
test_04658.jpg,surprise
test_04659.jpg,surprise
test_04660.jpg,surprise
test_04661.jpg,sad
test_04662.jpg,neutral
test_04663.jpg,neutral
test_04664.jpg,sad
test_04665.jpg,fear
test_04666.jpg,neutral
test_04667.jpg,happy
test_04668.jpg,angry
test_04669.jpg,sad
test_04670.jpg,happy
test_04671.jpg,happy
test_04672.jpg,happy
test_04673.jpg,neutral
test_04674.jpg,surprise
test_04675.jpg,angry
test_04676.jpg,happy
test_04677.jpg,happy
test_04678.jpg,surprise
test_04679.jpg,sad
test_04680.jpg,neutral
test_04681.jpg,disgust
test_04682.jpg,fear
test_04683.jpg,surprise
test_04684.jpg,neutral
test_04685.jpg,sad
test_04686.jpg,fear
test_04687.jpg,surprise
test_04688.jpg,neutral
test_04689.jpg,surprise
test_04690.jpg,disgust
test_04691.jpg,sad
test_04692.jpg,fear
test_04693.jpg,happy
test_04694.jpg,happy
test_04695.jpg,fear
test_04696.jpg,happy
test_04697.jpg,happy
test_04698.jpg,happy
test_04699.jpg,angry
test_04700.jpg,angry
test_04701.jpg,sad
test_04702.jpg,surprise
test_04703.jpg,sad
test_04704.jpg,sad
test_04705.jpg,happy
test_04706.jpg,happy
test_04707.jpg,surprise
test_04708.jpg,happy
test_04709.jpg,happy
test_04710.jpg,happy
test_04711.jpg,fear
test_04712.jpg,happy
test_04713.jpg,happy
test_04714.jpg,happy
test_04715.jpg,neutral
test_04716.jpg,surprise
test_04717.jpg,surprise
test_04718.jpg,happy
test_04719.jpg,neutral
test_04720.jpg,happy
test_04721.jpg,fear
test_04722.jpg,surprise
test_04723.jpg,happy
test_04724.jpg,happy
test_04725.jpg,fear
test_04726.jpg,sad
test_04727.jpg,neutral
test_04728.jpg,neutral
test_04729.jpg,surprise
test_04730.jpg,fear
test_04731.jpg,surprise
test_04732.jpg,disgust
test_04733.jpg,angry
test_04734.jpg,angry
test_04735.jpg,surprise
test_04736.jpg,surprise
test_04737.jpg,sad
test_04738.jpg,happy
test_04739.jpg,happy
test_04740.jpg,fear
test_04741.jpg,surprise
test_04742.jpg,surprise
test_04743.jpg,surprise
test_04744.jpg,happy
test_04745.jpg,happy
test_04746.jpg,happy
test_04747.jpg,neutral
test_04748.jpg,sad
test_04749.jpg,neutral
test_04750.jpg,happy
test_04751.jpg,surprise
test_04752.jpg,fear
test_04753.jpg,happy
test_04754.jpg,angry
test_04755.jpg,sad
test_04756.jpg,surprise
test_04757.jpg,neutral
test_04758.jpg,neutral
test_04759.jpg,sad
test_04760.jpg,fear
test_04761.jpg,neutral
test_04762.jpg,neutral
test_04763.jpg,surprise
test_04764.jpg,fear
test_04765.jpg,happy
test_04766.jpg,surprise
test_04767.jpg,surprise
test_04768.jpg,disgust
test_04769.jpg,disgust
test_04770.jpg,angry
test_04771.jpg,happy
test_04772.jpg,happy
test_04773.jpg,happy
test_04774.jpg,sad
test_04775.jpg,neutral
test_04776.jpg,fear
test_04777.jpg,neutral
test_04778.jpg,happy
test_04779.jpg,fear
test_04780.jpg,happy
test_04781.jpg,sad
test_04782.jpg,neutral
test_04783.jpg,fear
test_04784.jpg,happy
test_04785.jpg,surprise
test_04786.jpg,neutral
test_04787.jpg,neutral
test_04788.jpg,happy
test_04789.jpg,disgust
test_04790.jpg,neutral
test_04791.jpg,angry
test_04792.jpg,surprise
test_04793.jpg,sad
test_04794.jpg,fear
test_04795.jpg,surprise
test_04796.jpg,sad
test_04797.jpg,angry
test_04798.jpg,angry
test_04799.jpg,happy
test_04800.jpg,angry
test_04801.jpg,surprise
test_04802.jpg,sad
test_04803.jpg,happy
test_04804.jpg,sad
test_04805.jpg,fear
test_04806.jpg,happy
test_04807.jpg,neutral
test_04808.jpg,surprise
test_04809.jpg,disgust
test_04810.jpg,fear
test_04811.jpg,surprise
test_04812.jpg,surprise
test_04813.jpg,happy
test_04814.jpg,sad
test_04815.jpg,happy
test_04816.jpg,happy
test_04817.jpg,sad
test_04818.jpg,happy
test_04819.jpg,angry
test_04820.jpg,happy
test_04821.jpg,surprise
test_04822.jpg,neutral
test_04823.jpg,happy
test_04824.jpg,neutral
test_04825.jpg,angry
test_04826.jpg,happy
test_04827.jpg,sad
test_04828.jpg,disgust
test_04829.jpg,surprise
test_04830.jpg,sad
test_04831.jpg,neutral
test_04832.jpg,happy
test_04833.jpg,fear
test_04834.jpg,happy
test_04835.jpg,neutral
test_04836.jpg,fear
test_04837.jpg,sad
test_04838.jpg,happy
test_04839.jpg,neutral
test_04840.jpg,happy
test_04841.jpg,sad
test_04842.jpg,neutral
test_04843.jpg,neutral
test_04844.jpg,angry
test_04845.jpg,happy
test_04846.jpg,surprise
test_04847.jpg,surprise
test_04848.jpg,neutral
test_04849.jpg,surprise
test_04850.jpg,surprise
test_04851.jpg,angry
test_04852.jpg,surprise
test_04853.jpg,fear
test_04854.jpg,happy
test_04855.jpg,neutral
test_04856.jpg,sad
test_04857.jpg,neutral
test_04858.jpg,happy
test_04859.jpg,sad
test_04860.jpg,fear
test_04861.jpg,sad
test_04862.jpg,neutral
test_04863.jpg,fear
test_04864.jpg,angry
test_04865.jpg,surprise
test_04866.jpg,neutral
test_04867.jpg,fear
test_04868.jpg,angry
test_04869.jpg,neutral
test_04870.jpg,surprise
test_04871.jpg,sad
test_04872.jpg,angry
test_04873.jpg,sad
test_04874.jpg,fear
test_04875.jpg,neutral
test_04876.jpg,fear
test_04877.jpg,neutral
test_04878.jpg,neutral
test_04879.jpg,happy
test_04880.jpg,happy
test_04881.jpg,surprise
test_04882.jpg,neutral
test_04883.jpg,happy
test_04884.jpg,happy
test_04885.jpg,surprise
test_04886.jpg,neutral
test_04887.jpg,sad
test_04888.jpg,fear
test_04889.jpg,fear
test_04890.jpg,fear
test_04891.jpg,sad
test_04892.jpg,fear
test_04893.jpg,happy
test_04894.jpg,neutral
test_04895.jpg,angry
test_04896.jpg,sad
test_04897.jpg,fear
test_04898.jpg,happy
test_04899.jpg,happy
test_04900.jpg,happy
test_04901.jpg,sad
test_04902.jpg,sad
test_04903.jpg,happy
test_04904.jpg,neutral
test_04905.jpg,angry
test_04906.jpg,happy
test_04907.jpg,surprise
test_04908.jpg,fear
test_04909.jpg,sad
test_04910.jpg,angry
test_04911.jpg,sad
test_04912.jpg,happy
test_04913.jpg,angry
test_04914.jpg,happy
test_04915.jpg,angry
test_04916.jpg,sad
test_04917.jpg,fear
test_04918.jpg,happy
test_04919.jpg,sad
test_04920.jpg,happy
test_04921.jpg,happy
test_04922.jpg,sad
test_04923.jpg,happy
test_04924.jpg,happy
test_04925.jpg,happy
test_04926.jpg,surprise
test_04927.jpg,fear
test_04928.jpg,neutral
test_04929.jpg,sad
test_04930.jpg,angry
test_04931.jpg,disgust
test_04932.jpg,neutral
test_04933.jpg,angry
test_04934.jpg,fear
test_04935.jpg,sad
test_04936.jpg,angry
test_04937.jpg,happy
test_04938.jpg,happy
test_04939.jpg,neutral
test_04940.jpg,fear
test_04941.jpg,surprise
test_04942.jpg,fear
test_04943.jpg,angry
test_04944.jpg,surprise
test_04945.jpg,happy
test_04946.jpg,neutral
test_04947.jpg,angry
test_04948.jpg,happy
test_04949.jpg,happy
test_04950.jpg,happy
test_04951.jpg,neutral
test_04952.jpg,fear
test_04953.jpg,surprise
test_04954.jpg,happy
test_04955.jpg,surprise
test_04956.jpg,surprise
test_04957.jpg,happy
test_04958.jpg,sad
test_04959.jpg,fear
test_04960.jpg,surprise
test_04961.jpg,happy
test_04962.jpg,fear
test_04963.jpg,angry
test_04964.jpg,surprise
test_04965.jpg,happy
test_04966.jpg,happy
test_04967.jpg,fear
test_04968.jpg,happy
test_04969.jpg,angry
test_04970.jpg,disgust
test_04971.jpg,sad
test_04972.jpg,happy
test_04973.jpg,neutral
test_04974.jpg,neutral
test_04975.jpg,neutral
test_04976.jpg,sad
test_04977.jpg,neutral
test_04978.jpg,fear
test_04979.jpg,surprise
test_04980.jpg,neutral
test_04981.jpg,neutral
test_04982.jpg,sad
test_04983.jpg,disgust
test_04984.jpg,angry
test_04985.jpg,neutral
test_04986.jpg,happy
test_04987.jpg,sad
test_04988.jpg,neutral
test_04989.jpg,sad
test_04990.jpg,angry
test_04991.jpg,happy
test_04992.jpg,angry
test_04993.jpg,angry
test_04994.jpg,happy
test_04995.jpg,neutral
test_04996.jpg,sad
test_04997.jpg,sad
test_04998.jpg,sad
test_04999.jpg,angry
test_05000.jpg,surprise
test_05001.jpg,sad
test_05002.jpg,angry
test_05003.jpg,happy
test_05004.jpg,fear
test_05005.jpg,happy
test_05006.jpg,sad
test_05007.jpg,fear
test_05008.jpg,angry
test_05009.jpg,happy
test_05010.jpg,neutral
test_05011.jpg,sad
test_05012.jpg,fear
test_05013.jpg,angry
test_05014.jpg,sad
test_05015.jpg,happy
test_05016.jpg,angry
test_05017.jpg,angry
test_05018.jpg,sad
test_05019.jpg,neutral
test_05020.jpg,sad
test_05021.jpg,surprise
test_05022.jpg,sad
test_05023.jpg,neutral
test_05024.jpg,neutral
test_05025.jpg,neutral
test_05026.jpg,neutral
test_05027.jpg,happy
test_05028.jpg,sad
test_05029.jpg,neutral
test_05030.jpg,angry
test_05031.jpg,happy
test_05032.jpg,sad
test_05033.jpg,sad
test_05034.jpg,happy
test_05035.jpg,happy
test_05036.jpg,neutral
test_05037.jpg,sad
test_05038.jpg,angry
test_05039.jpg,neutral
test_05040.jpg,happy
test_05041.jpg,happy
test_05042.jpg,sad
test_05043.jpg,neutral
test_05044.jpg,sad
test_05045.jpg,angry
test_05046.jpg,neutral
test_05047.jpg,happy
test_05048.jpg,fear
test_05049.jpg,happy
test_05050.jpg,angry
test_05051.jpg,sad
test_05052.jpg,sad
test_05053.jpg,angry
test_05054.jpg,angry
test_05055.jpg,neutral
test_05056.jpg,surprise
test_05057.jpg,sad
test_05058.jpg,neutral
test_05059.jpg,neutral
test_05060.jpg,happy
test_05061.jpg,neutral
test_05062.jpg,sad
test_05063.jpg,happy
test_05064.jpg,happy
test_05065.jpg,surprise
test_05066.jpg,happy
test_05067.jpg,happy
test_05068.jpg,surprise
test_05069.jpg,neutral
test_05070.jpg,surprise
test_05071.jpg,happy
test_05072.jpg,surprise
test_05073.jpg,fear
test_05074.jpg,surprise
test_05075.jpg,sad
test_05076.jpg,angry
test_05077.jpg,sad
test_05078.jpg,surprise
test_05079.jpg,surprise
test_05080.jpg,fear
test_05081.jpg,fear
test_05082.jpg,angry
test_05083.jpg,angry
test_05084.jpg,neutral
test_05085.jpg,disgust
test_05086.jpg,fear
test_05087.jpg,disgust
test_05088.jpg,surprise
test_05089.jpg,fear
test_05090.jpg,fear
test_05091.jpg,sad
test_05092.jpg,angry
test_05093.jpg,fear
test_05094.jpg,surprise
test_05095.jpg,happy
test_05096.jpg,happy
test_05097.jpg,sad
test_05098.jpg,neutral
test_05099.jpg,happy
test_05100.jpg,happy
test_05101.jpg,neutral
test_05102.jpg,happy
test_05103.jpg,happy
test_05104.jpg,sad
test_05105.jpg,neutral
test_05106.jpg,happy
test_05107.jpg,sad
test_05108.jpg,neutral
test_05109.jpg,sad
test_05110.jpg,fear
test_05111.jpg,angry
test_05112.jpg,neutral
test_05113.jpg,angry
test_05114.jpg,happy
test_05115.jpg,angry
test_05116.jpg,surprise
test_05117.jpg,neutral
test_05118.jpg,neutral
test_05119.jpg,happy
test_05120.jpg,happy
test_05121.jpg,angry
test_05122.jpg,sad
test_05123.jpg,fear
test_05124.jpg,angry
test_05125.jpg,neutral
test_05126.jpg,sad
test_05127.jpg,happy
test_05128.jpg,neutral
test_05129.jpg,sad
test_05130.jpg,happy
test_05131.jpg,surprise
test_05132.jpg,happy
test_05133.jpg,sad
test_05134.jpg,sad
test_05135.jpg,neutral
test_05136.jpg,happy
test_05137.jpg,angry
test_05138.jpg,happy
test_05139.jpg,surprise
test_05140.jpg,sad
test_05141.jpg,fear
test_05142.jpg,angry
test_05143.jpg,fear
test_05144.jpg,neutral
test_05145.jpg,angry
test_05146.jpg,surprise
test_05147.jpg,sad
test_05148.jpg,happy
test_05149.jpg,happy
test_05150.jpg,surprise
test_05151.jpg,neutral
test_05152.jpg,happy
test_05153.jpg,angry
test_05154.jpg,surprise
test_05155.jpg,sad
test_05156.jpg,neutral
test_05157.jpg,surprise
test_05158.jpg,neutral
test_05159.jpg,sad
test_05160.jpg,happy
test_05161.jpg,neutral
test_05162.jpg,angry
test_05163.jpg,happy
test_05164.jpg,angry
test_05165.jpg,happy
test_05166.jpg,sad
test_05167.jpg,sad
test_05168.jpg,sad
test_05169.jpg,happy
test_05170.jpg,neutral
test_05171.jpg,surprise
test_05172.jpg,happy
test_05173.jpg,happy
test_05174.jpg,sad
test_05175.jpg,happy
test_05176.jpg,angry
test_05177.jpg,fear
test_05178.jpg,neutral
test_05179.jpg,fear
test_05180.jpg,happy
test_05181.jpg,fear
test_05182.jpg,sad
test_05183.jpg,angry
test_05184.jpg,surprise
test_05185.jpg,happy
test_05186.jpg,neutral
test_05187.jpg,happy
test_05188.jpg,angry
test_05189.jpg,neutral
test_05190.jpg,surprise
test_05191.jpg,sad
test_05192.jpg,surprise
test_05193.jpg,sad
test_05194.jpg,neutral
test_05195.jpg,fear
test_05196.jpg,sad
test_05197.jpg,fear
test_05198.jpg,neutral
test_05199.jpg,surprise
test_05200.jpg,angry
test_05201.jpg,happy
test_05202.jpg,surprise
test_05203.jpg,angry
test_05204.jpg,fear
test_05205.jpg,surprise
test_05206.jpg,neutral
test_05207.jpg,happy
test_05208.jpg,angry
test_05209.jpg,sad
test_05210.jpg,sad
test_05211.jpg,angry
test_05212.jpg,sad
test_05213.jpg,happy
test_05214.jpg,sad
test_05215.jpg,sad
test_05216.jpg,neutral
test_05217.jpg,surprise
test_05218.jpg,neutral
test_05219.jpg,happy
test_05220.jpg,happy
test_05221.jpg,fear
test_05222.jpg,surprise
test_05223.jpg,angry
test_05224.jpg,happy
test_05225.jpg,sad
test_05226.jpg,angry
test_05227.jpg,sad
test_05228.jpg,neutral
test_05229.jpg,neutral
test_05230.jpg,happy
test_05231.jpg,happy
test_05232.jpg,fear
test_05233.jpg,neutral
test_05234.jpg,sad
test_05235.jpg,neutral
test_05236.jpg,happy
test_05237.jpg,happy
test_05238.jpg,happy
test_05239.jpg,surprise
test_05240.jpg,neutral
test_05241.jpg,neutral
test_05242.jpg,neutral
test_05243.jpg,neutral
test_05244.jpg,angry
test_05245.jpg,sad
test_05246.jpg,angry
test_05247.jpg,fear
test_05248.jpg,angry
test_05249.jpg,neutral
test_05250.jpg,surprise
test_05251.jpg,angry
test_05252.jpg,happy
test_05253.jpg,fear
test_05254.jpg,neutral
test_05255.jpg,happy
test_05256.jpg,fear
test_05257.jpg,sad
test_05258.jpg,fear
test_05259.jpg,sad
test_05260.jpg,angry
test_05261.jpg,neutral
test_05262.jpg,sad
test_05263.jpg,happy
test_05264.jpg,angry
test_05265.jpg,angry
test_05266.jpg,angry
test_05267.jpg,happy
test_05268.jpg,fear
test_05269.jpg,surprise
test_05270.jpg,surprise
test_05271.jpg,sad
test_05272.jpg,happy
test_05273.jpg,sad
test_05274.jpg,neutral
test_05275.jpg,angry
test_05276.jpg,sad
test_05277.jpg,happy
test_05278.jpg,sad
test_05279.jpg,sad
test_05280.jpg,happy
test_05281.jpg,sad
test_05282.jpg,angry
test_05283.jpg,happy
test_05284.jpg,surprise
test_05285.jpg,surprise
test_05286.jpg,neutral
test_05287.jpg,angry
test_05288.jpg,angry
test_05289.jpg,angry
test_05290.jpg,happy
test_05291.jpg,sad
test_05292.jpg,fear
test_05293.jpg,surprise
test_05294.jpg,fear
test_05295.jpg,sad
test_05296.jpg,sad
test_05297.jpg,neutral
test_05298.jpg,happy
test_05299.jpg,neutral
test_05300.jpg,neutral
test_05301.jpg,angry
test_05302.jpg,happy
test_05303.jpg,happy
test_05304.jpg,neutral
test_05305.jpg,fear
test_05306.jpg,surprise
test_05307.jpg,angry
test_05308.jpg,sad
test_05309.jpg,sad
test_05310.jpg,happy
test_05311.jpg,sad
test_05312.jpg,surprise
test_05313.jpg,surprise
test_05314.jpg,happy
test_05315.jpg,neutral
test_05316.jpg,happy
test_05317.jpg,fear
test_05318.jpg,sad
test_05319.jpg,happy
test_05320.jpg,neutral
test_05321.jpg,happy
test_05322.jpg,happy
test_05323.jpg,neutral
test_05324.jpg,surprise
test_05325.jpg,surprise
test_05326.jpg,surprise
test_05327.jpg,angry
test_05328.jpg,happy
test_05329.jpg,happy
test_05330.jpg,happy
test_05331.jpg,surprise
test_05332.jpg,fear
test_05333.jpg,angry
test_05334.jpg,happy
test_05335.jpg,sad
test_05336.jpg,happy
test_05337.jpg,happy
test_05338.jpg,happy
test_05339.jpg,happy
test_05340.jpg,sad
test_05341.jpg,neutral
test_05342.jpg,neutral
test_05343.jpg,neutral
test_05344.jpg,happy
test_05345.jpg,neutral
test_05346.jpg,surprise
test_05347.jpg,happy
test_05348.jpg,happy
test_05349.jpg,surprise
test_05350.jpg,happy
test_05351.jpg,sad
test_05352.jpg,sad
test_05353.jpg,surprise
test_05354.jpg,surprise
test_05355.jpg,happy
test_05356.jpg,angry
test_05357.jpg,happy
test_05358.jpg,angry
test_05359.jpg,neutral
test_05360.jpg,angry
test_05361.jpg,neutral
test_05362.jpg,angry
test_05363.jpg,neutral
test_05364.jpg,happy
test_05365.jpg,fear
test_05366.jpg,angry
test_05367.jpg,happy
test_05368.jpg,angry
test_05369.jpg,angry
test_05370.jpg,neutral
test_05371.jpg,neutral
test_05372.jpg,surprise
test_05373.jpg,neutral
test_05374.jpg,fear
test_05375.jpg,fear
test_05376.jpg,angry
test_05377.jpg,sad
test_05378.jpg,surprise
test_05379.jpg,sad
test_05380.jpg,happy
test_05381.jpg,sad
test_05382.jpg,happy
test_05383.jpg,happy
test_05384.jpg,sad
test_05385.jpg,sad
test_05386.jpg,neutral
test_05387.jpg,surprise
test_05388.jpg,happy
test_05389.jpg,happy
test_05390.jpg,neutral
test_05391.jpg,fear
test_05392.jpg,neutral
test_05393.jpg,fear
test_05394.jpg,neutral
test_05395.jpg,sad
test_05396.jpg,happy
test_05397.jpg,sad
test_05398.jpg,neutral
test_05399.jpg,angry
test_05400.jpg,angry
test_05401.jpg,surprise
test_05402.jpg,surprise
test_05403.jpg,surprise
test_05404.jpg,happy
test_05405.jpg,angry
test_05406.jpg,surprise
test_05407.jpg,surprise
test_05408.jpg,sad
test_05409.jpg,sad
test_05410.jpg,angry
test_05411.jpg,happy
test_05412.jpg,fear
test_05413.jpg,sad
test_05414.jpg,happy
test_05415.jpg,happy
test_05416.jpg,neutral
test_05417.jpg,sad
test_05418.jpg,angry
test_05419.jpg,neutral
test_05420.jpg,neutral
test_05421.jpg,happy
test_05422.jpg,happy
test_05423.jpg,happy
test_05424.jpg,fear
test_05425.jpg,sad
test_05426.jpg,sad
test_05427.jpg,happy
test_05428.jpg,neutral
test_05429.jpg,happy
test_05430.jpg,neutral
test_05431.jpg,neutral
test_05432.jpg,fear
test_05433.jpg,sad
test_05434.jpg,happy
test_05435.jpg,happy
test_05436.jpg,happy
test_05437.jpg,fear
test_05438.jpg,fear
test_05439.jpg,angry
test_05440.jpg,neutral
test_05441.jpg,surprise
test_05442.jpg,surprise
test_05443.jpg,happy
test_05444.jpg,neutral
test_05445.jpg,happy
test_05446.jpg,sad
test_05447.jpg,fear
test_05448.jpg,happy
test_05449.jpg,sad
test_05450.jpg,sad
test_05451.jpg,surprise
test_05452.jpg,surprise
test_05453.jpg,neutral
test_05454.jpg,fear
test_05455.jpg,sad
test_05456.jpg,angry
test_05457.jpg,fear
test_05458.jpg,angry
test_05459.jpg,happy
test_05460.jpg,happy
test_05461.jpg,sad
test_05462.jpg,surprise
test_05463.jpg,sad
test_05464.jpg,disgust
test_05465.jpg,fear
test_05466.jpg,happy
test_05467.jpg,angry
test_05468.jpg,surprise
test_05469.jpg,fear
test_05470.jpg,fear
test_05471.jpg,fear
test_05472.jpg,angry
test_05473.jpg,happy
test_05474.jpg,angry
test_05475.jpg,fear
test_05476.jpg,neutral
test_05477.jpg,neutral
test_05478.jpg,neutral
test_05479.jpg,angry
test_05480.jpg,neutral
test_05481.jpg,neutral
test_05482.jpg,neutral
test_05483.jpg,neutral
test_05484.jpg,angry
test_05485.jpg,sad
test_05486.jpg,happy
test_05487.jpg,neutral
test_05488.jpg,sad
test_05489.jpg,neutral
test_05490.jpg,surprise
test_05491.jpg,sad
test_05492.jpg,angry
test_05493.jpg,sad
test_05494.jpg,angry
test_05495.jpg,neutral
test_05496.jpg,happy
test_05497.jpg,sad
test_05498.jpg,neutral
test_05499.jpg,neutral
test_05500.jpg,happy
test_05501.jpg,surprise
test_05502.jpg,neutral
test_05503.jpg,neutral
test_05504.jpg,happy
test_05505.jpg,sad
test_05506.jpg,happy
test_05507.jpg,surprise
test_05508.jpg,happy
test_05509.jpg,fear
test_05510.jpg,happy
test_05511.jpg,neutral
test_05512.jpg,sad
test_05513.jpg,angry
test_05514.jpg,surprise
test_05515.jpg,fear
test_05516.jpg,sad
test_05517.jpg,sad
test_05518.jpg,sad
test_05519.jpg,happy
test_05520.jpg,angry
test_05521.jpg,surprise
test_05522.jpg,happy
test_05523.jpg,surprise
test_05524.jpg,happy
test_05525.jpg,happy
test_05526.jpg,happy
test_05527.jpg,sad
test_05528.jpg,surprise
test_05529.jpg,happy
test_05530.jpg,neutral
test_05531.jpg,happy
test_05532.jpg,sad
test_05533.jpg,neutral
test_05534.jpg,angry
test_05535.jpg,happy
test_05536.jpg,neutral
test_05537.jpg,sad
test_05538.jpg,sad
test_05539.jpg,surprise
test_05540.jpg,neutral
test_05541.jpg,happy
test_05542.jpg,fear
test_05543.jpg,angry
test_05544.jpg,happy
test_05545.jpg,sad
test_05546.jpg,sad
test_05547.jpg,happy
test_05548.jpg,neutral
test_05549.jpg,fear
test_05550.jpg,neutral
test_05551.jpg,happy
test_05552.jpg,surprise
test_05553.jpg,happy
test_05554.jpg,angry
test_05555.jpg,surprise
test_05556.jpg,fear
test_05557.jpg,sad
test_05558.jpg,happy
test_05559.jpg,sad
test_05560.jpg,sad
test_05561.jpg,angry
test_05562.jpg,happy
test_05563.jpg,angry
test_05564.jpg,angry
test_05565.jpg,happy
test_05566.jpg,angry
test_05567.jpg,disgust
test_05568.jpg,surprise
test_05569.jpg,surprise
test_05570.jpg,surprise
test_05571.jpg,surprise
test_05572.jpg,fear
test_05573.jpg,surprise
test_05574.jpg,neutral
test_05575.jpg,surprise
test_05576.jpg,happy
test_05577.jpg,neutral
test_05578.jpg,disgust
test_05579.jpg,fear
test_05580.jpg,sad
test_05581.jpg,surprise
test_05582.jpg,happy
test_05583.jpg,surprise
test_05584.jpg,neutral
test_05585.jpg,sad
test_05586.jpg,surprise
test_05587.jpg,happy
test_05588.jpg,sad
test_05589.jpg,angry
test_05590.jpg,surprise
test_05591.jpg,neutral
test_05592.jpg,fear
test_05593.jpg,surprise
test_05594.jpg,fear
test_05595.jpg,angry
test_05596.jpg,happy
test_05597.jpg,neutral
test_05598.jpg,neutral
test_05599.jpg,happy
test_05600.jpg,happy
test_05601.jpg,happy
test_05602.jpg,angry
test_05603.jpg,happy
test_05604.jpg,disgust
test_05605.jpg,happy
test_05606.jpg,fear
test_05607.jpg,happy
test_05608.jpg,surprise
test_05609.jpg,happy
test_05610.jpg,happy
test_05611.jpg,neutral
test_05612.jpg,neutral
test_05613.jpg,angry
test_05614.jpg,surprise
test_05615.jpg,sad
test_05616.jpg,happy
test_05617.jpg,sad
test_05618.jpg,neutral
test_05619.jpg,fear
test_05620.jpg,neutral
test_05621.jpg,neutral
test_05622.jpg,neutral
test_05623.jpg,fear
test_05624.jpg,surprise
test_05625.jpg,surprise
test_05626.jpg,happy
test_05627.jpg,surprise
test_05628.jpg,surprise
test_05629.jpg,surprise
test_05630.jpg,surprise
test_05631.jpg,surprise
test_05632.jpg,fear
test_05633.jpg,angry
test_05634.jpg,angry
test_05635.jpg,sad
test_05636.jpg,sad
test_05637.jpg,neutral
test_05638.jpg,fear
test_05639.jpg,fear
test_05640.jpg,fear
test_05641.jpg,fear
test_05642.jpg,angry
test_05643.jpg,fear
test_05644.jpg,sad
test_05645.jpg,neutral
test_05646.jpg,sad
test_05647.jpg,neutral
test_05648.jpg,neutral
test_05649.jpg,fear
test_05650.jpg,fear
test_05651.jpg,fear
test_05652.jpg,happy
test_05653.jpg,happy
test_05654.jpg,fear
test_05655.jpg,happy
test_05656.jpg,fear
test_05657.jpg,fear
test_05658.jpg,angry
test_05659.jpg,fear
test_05660.jpg,happy
test_05661.jpg,happy
test_05662.jpg,happy
test_05663.jpg,fear
test_05664.jpg,surprise
test_05665.jpg,sad
test_05666.jpg,fear
test_05667.jpg,neutral
test_05668.jpg,angry
test_05669.jpg,angry
test_05670.jpg,happy
test_05671.jpg,sad
test_05672.jpg,surprise
test_05673.jpg,neutral
test_05674.jpg,fear
test_05675.jpg,fear
test_05676.jpg,sad
test_05677.jpg,angry
test_05678.jpg,neutral
test_05679.jpg,neutral
test_05680.jpg,happy
test_05681.jpg,sad
test_05682.jpg,surprise
test_05683.jpg,fear
test_05684.jpg,sad
test_05685.jpg,neutral
test_05686.jpg,happy
test_05687.jpg,happy
test_05688.jpg,surprise
test_05689.jpg,happy
test_05690.jpg,fear
test_05691.jpg,fear
test_05692.jpg,surprise
test_05693.jpg,surprise
test_05694.jpg,sad
test_05695.jpg,neutral
test_05696.jpg,surprise
test_05697.jpg,surprise
test_05698.jpg,neutral
test_05699.jpg,fear
test_05700.jpg,neutral
test_05701.jpg,neutral
test_05702.jpg,surprise
test_05703.jpg,neutral
test_05704.jpg,sad
test_05705.jpg,angry
test_05706.jpg,happy
test_05707.jpg,neutral
test_05708.jpg,happy
test_05709.jpg,fear
test_05710.jpg,neutral
test_05711.jpg,happy
test_05712.jpg,sad
test_05713.jpg,neutral
test_05714.jpg,angry
test_05715.jpg,sad
test_05716.jpg,happy
test_05717.jpg,neutral
test_05718.jpg,surprise
test_05719.jpg,happy
test_05720.jpg,surprise
test_05721.jpg,sad
test_05722.jpg,sad
test_05723.jpg,sad
test_05724.jpg,happy
test_05725.jpg,fear
test_05726.jpg,happy
test_05727.jpg,angry
test_05728.jpg,neutral
test_05729.jpg,surprise
test_05730.jpg,happy
test_05731.jpg,surprise
test_05732.jpg,happy
test_05733.jpg,neutral
test_05734.jpg,happy
test_05735.jpg,sad
test_05736.jpg,neutral
test_05737.jpg,sad
test_05738.jpg,neutral
test_05739.jpg,angry
test_05740.jpg,angry
test_05741.jpg,surprise
test_05742.jpg,fear
test_05743.jpg,surprise
test_05744.jpg,angry
test_05745.jpg,surprise
test_05746.jpg,sad
test_05747.jpg,happy
test_05748.jpg,neutral
test_05749.jpg,angry
test_05750.jpg,fear
test_05751.jpg,neutral
test_05752.jpg,neutral
test_05753.jpg,surprise
test_05754.jpg,angry
test_05755.jpg,happy
test_05756.jpg,neutral
test_05757.jpg,happy
test_05758.jpg,neutral
test_05759.jpg,happy
test_05760.jpg,angry
test_05761.jpg,happy
test_05762.jpg,disgust
test_05763.jpg,fear
test_05764.jpg,happy
test_05765.jpg,neutral
test_05766.jpg,fear
test_05767.jpg,disgust
test_05768.jpg,happy
test_05769.jpg,angry
test_05770.jpg,neutral
test_05771.jpg,neutral
test_05772.jpg,neutral
test_05773.jpg,happy
test_05774.jpg,neutral
test_05775.jpg,happy
test_05776.jpg,surprise
test_05777.jpg,angry
test_05778.jpg,neutral
test_05779.jpg,happy
test_05780.jpg,surprise
test_05781.jpg,fear
test_05782.jpg,surprise
test_05783.jpg,fear
test_05784.jpg,happy
test_05785.jpg,angry
test_05786.jpg,fear
test_05787.jpg,sad
test_05788.jpg,surprise
test_05789.jpg,happy
test_05790.jpg,fear
test_05791.jpg,angry
test_05792.jpg,happy
test_05793.jpg,neutral
test_05794.jpg,happy
test_05795.jpg,angry
test_05796.jpg,happy
test_05797.jpg,sad
test_05798.jpg,fear
test_05799.jpg,surprise
test_05800.jpg,happy
test_05801.jpg,happy
test_05802.jpg,fear
test_05803.jpg,fear
test_05804.jpg,surprise
test_05805.jpg,angry
test_05806.jpg,sad
test_05807.jpg,happy
test_05808.jpg,angry
test_05809.jpg,surprise
test_05810.jpg,neutral
test_05811.jpg,happy
test_05812.jpg,fear
test_05813.jpg,happy
test_05814.jpg,fear
test_05815.jpg,surprise
test_05816.jpg,sad
test_05817.jpg,angry
test_05818.jpg,happy
test_05819.jpg,fear
test_05820.jpg,angry
test_05821.jpg,neutral
test_05822.jpg,neutral
test_05823.jpg,sad
test_05824.jpg,neutral
test_05825.jpg,sad
test_05826.jpg,disgust
test_05827.jpg,fear
test_05828.jpg,fear
test_05829.jpg,angry
test_05830.jpg,sad
test_05831.jpg,angry
test_05832.jpg,sad
test_05833.jpg,fear
test_05834.jpg,surprise
test_05835.jpg,happy
test_05836.jpg,happy
test_05837.jpg,happy
test_05838.jpg,sad
test_05839.jpg,neutral
test_05840.jpg,happy
test_05841.jpg,sad
test_05842.jpg,happy
test_05843.jpg,happy
test_05844.jpg,sad
test_05845.jpg,surprise
test_05846.jpg,disgust
test_05847.jpg,angry
test_05848.jpg,angry
test_05849.jpg,angry
test_05850.jpg,surprise
test_05851.jpg,disgust
test_05852.jpg,neutral
test_05853.jpg,neutral
test_05854.jpg,fear
test_05855.jpg,happy
test_05856.jpg,happy
test_05857.jpg,surprise
test_05858.jpg,happy
test_05859.jpg,surprise
test_05860.jpg,angry
test_05861.jpg,happy
test_05862.jpg,happy
test_05863.jpg,angry
test_05864.jpg,angry
test_05865.jpg,angry
test_05866.jpg,surprise
test_05867.jpg,happy
test_05868.jpg,happy
test_05869.jpg,fear
test_05870.jpg,fear
test_05871.jpg,disgust
test_05872.jpg,happy
test_05873.jpg,happy
test_05874.jpg,happy
test_05875.jpg,surprise
test_05876.jpg,sad
test_05877.jpg,happy
test_05878.jpg,neutral
test_05879.jpg,sad
test_05880.jpg,sad
test_05881.jpg,angry
test_05882.jpg,angry
test_05883.jpg,surprise
test_05884.jpg,sad
test_05885.jpg,sad
test_05886.jpg,neutral
test_05887.jpg,angry
test_05888.jpg,neutral
test_05889.jpg,happy
test_05890.jpg,neutral
test_05891.jpg,fear
test_05892.jpg,happy
test_05893.jpg,surprise
test_05894.jpg,happy
test_05895.jpg,happy
test_05896.jpg,neutral
test_05897.jpg,sad
test_05898.jpg,fear
test_05899.jpg,sad
test_05900.jpg,happy
test_05901.jpg,neutral
test_05902.jpg,sad
test_05903.jpg,fear
test_05904.jpg,happy
test_05905.jpg,sad
test_05906.jpg,fear
test_05907.jpg,angry
test_05908.jpg,surprise
test_05909.jpg,surprise
test_05910.jpg,fear
test_05911.jpg,fear
test_05912.jpg,fear
test_05913.jpg,sad
test_05914.jpg,sad
test_05915.jpg,disgust
test_05916.jpg,fear
test_05917.jpg,disgust
test_05918.jpg,sad
test_05919.jpg,neutral
test_05920.jpg,sad
test_05921.jpg,angry
test_05922.jpg,happy
test_05923.jpg,neutral
test_05924.jpg,sad
test_05925.jpg,surprise
test_05926.jpg,fear
test_05927.jpg,angry
test_05928.jpg,neutral
test_05929.jpg,disgust
test_05930.jpg,angry
test_05931.jpg,neutral
test_05932.jpg,angry
test_05933.jpg,angry
test_05934.jpg,sad
test_05935.jpg,happy
test_05936.jpg,neutral
test_05937.jpg,angry
test_05938.jpg,sad
test_05939.jpg,happy
test_05940.jpg,fear
test_05941.jpg,happy
test_05942.jpg,angry
test_05943.jpg,happy
test_05944.jpg,neutral
test_05945.jpg,happy
test_05946.jpg,sad
test_05947.jpg,sad
test_05948.jpg,happy
test_05949.jpg,neutral
test_05950.jpg,neutral
test_05951.jpg,surprise
test_05952.jpg,disgust
test_05953.jpg,fear
test_05954.jpg,happy
test_05955.jpg,neutral
test_05956.jpg,surprise
test_05957.jpg,happy
test_05958.jpg,sad
test_05959.jpg,angry
test_05960.jpg,neutral
test_05961.jpg,sad
test_05962.jpg,sad
test_05963.jpg,happy
test_05964.jpg,neutral
test_05965.jpg,sad
test_05966.jpg,happy
test_05967.jpg,sad
test_05968.jpg,neutral
test_05969.jpg,happy
test_05970.jpg,neutral
test_05971.jpg,neutral
test_05972.jpg,happy
test_05973.jpg,neutral
test_05974.jpg,happy
test_05975.jpg,fear
test_05976.jpg,sad
test_05977.jpg,sad
test_05978.jpg,sad
test_05979.jpg,surprise
test_05980.jpg,sad
test_05981.jpg,neutral
test_05982.jpg,sad
test_05983.jpg,happy
test_05984.jpg,happy
test_05985.jpg,surprise
test_05986.jpg,happy
test_05987.jpg,angry
test_05988.jpg,angry
test_05989.jpg,surprise
test_05990.jpg,fear
test_05991.jpg,sad
test_05992.jpg,angry
test_05993.jpg,neutral
test_05994.jpg,angry
test_05995.jpg,sad
test_05996.jpg,fear
test_05997.jpg,neutral
test_05998.jpg,happy
test_05999.jpg,surprise
test_06000.jpg,sad
test_06001.jpg,surprise
test_06002.jpg,happy
test_06003.jpg,fear
test_06004.jpg,surprise
test_06005.jpg,angry
test_06006.jpg,sad
test_06007.jpg,sad
test_06008.jpg,surprise
test_06009.jpg,angry
test_06010.jpg,happy
test_06011.jpg,angry
test_06012.jpg,neutral
test_06013.jpg,sad
test_06014.jpg,sad
test_06015.jpg,sad
test_06016.jpg,happy
test_06017.jpg,surprise
test_06018.jpg,angry
test_06019.jpg,surprise
test_06020.jpg,angry
test_06021.jpg,neutral
test_06022.jpg,angry
test_06023.jpg,angry
test_06024.jpg,fear
test_06025.jpg,fear
test_06026.jpg,fear
test_06027.jpg,surprise
test_06028.jpg,surprise
test_06029.jpg,happy
test_06030.jpg,angry
test_06031.jpg,angry
test_06032.jpg,happy
test_06033.jpg,neutral
test_06034.jpg,happy
test_06035.jpg,happy
test_06036.jpg,surprise
test_06037.jpg,fear
test_06038.jpg,angry
test_06039.jpg,happy
test_06040.jpg,happy
test_06041.jpg,neutral
test_06042.jpg,sad
test_06043.jpg,fear
test_06044.jpg,angry
test_06045.jpg,angry
test_06046.jpg,surprise
test_06047.jpg,happy
test_06048.jpg,neutral
test_06049.jpg,neutral
test_06050.jpg,neutral
test_06051.jpg,sad
test_06052.jpg,angry
test_06053.jpg,neutral
test_06054.jpg,sad
test_06055.jpg,neutral
test_06056.jpg,disgust
test_06057.jpg,sad
test_06058.jpg,neutral
test_06059.jpg,angry
test_06060.jpg,sad
test_06061.jpg,surprise
test_06062.jpg,sad
test_06063.jpg,neutral
test_06064.jpg,fear
test_06065.jpg,angry
test_06066.jpg,sad
test_06067.jpg,sad
test_06068.jpg,surprise
test_06069.jpg,neutral
test_06070.jpg,happy
test_06071.jpg,sad
test_06072.jpg,neutral
test_06073.jpg,fear
test_06074.jpg,angry
test_06075.jpg,happy
test_06076.jpg,happy
test_06077.jpg,happy
test_06078.jpg,happy
test_06079.jpg,angry
test_06080.jpg,angry
test_06081.jpg,surprise
test_06082.jpg,angry
test_06083.jpg,happy
test_06084.jpg,sad
test_06085.jpg,happy
test_06086.jpg,fear
test_06087.jpg,sad
test_06088.jpg,fear
test_06089.jpg,angry
test_06090.jpg,neutral
test_06091.jpg,sad
test_06092.jpg,happy
test_06093.jpg,sad
test_06094.jpg,happy
test_06095.jpg,happy
test_06096.jpg,angry
test_06097.jpg,happy
test_06098.jpg,sad
test_06099.jpg,happy
test_06100.jpg,fear
test_06101.jpg,happy
test_06102.jpg,happy
test_06103.jpg,neutral
test_06104.jpg,surprise
test_06105.jpg,happy
test_06106.jpg,neutral
test_06107.jpg,happy
test_06108.jpg,happy
test_06109.jpg,angry
test_06110.jpg,angry
test_06111.jpg,angry
test_06112.jpg,fear
test_06113.jpg,happy
test_06114.jpg,sad
test_06115.jpg,happy
test_06116.jpg,neutral
test_06117.jpg,sad
test_06118.jpg,happy
test_06119.jpg,angry
test_06120.jpg,sad
test_06121.jpg,angry
test_06122.jpg,neutral
test_06123.jpg,sad
test_06124.jpg,sad
test_06125.jpg,happy
test_06126.jpg,happy
test_06127.jpg,fear
test_06128.jpg,neutral
test_06129.jpg,neutral
test_06130.jpg,surprise
test_06131.jpg,neutral
test_06132.jpg,happy
test_06133.jpg,fear
test_06134.jpg,fear
test_06135.jpg,neutral
test_06136.jpg,neutral
test_06137.jpg,neutral
test_06138.jpg,happy
test_06139.jpg,sad
test_06140.jpg,happy
test_06141.jpg,neutral
test_06142.jpg,disgust
test_06143.jpg,happy
test_06144.jpg,happy
test_06145.jpg,happy
test_06146.jpg,fear
test_06147.jpg,angry
test_06148.jpg,sad
test_06149.jpg,neutral
test_06150.jpg,sad
test_06151.jpg,happy
test_06152.jpg,angry
test_06153.jpg,fear
test_06154.jpg,neutral
test_06155.jpg,neutral
test_06156.jpg,sad
test_06157.jpg,angry
test_06158.jpg,happy
test_06159.jpg,surprise
test_06160.jpg,sad
test_06161.jpg,neutral
test_06162.jpg,angry
test_06163.jpg,happy
test_06164.jpg,sad
test_06165.jpg,neutral
test_06166.jpg,neutral
test_06167.jpg,neutral
test_06168.jpg,happy
test_06169.jpg,happy
test_06170.jpg,happy
test_06171.jpg,happy
test_06172.jpg,angry
test_06173.jpg,sad
test_06174.jpg,sad
test_06175.jpg,angry
test_06176.jpg,sad
test_06177.jpg,sad
test_06178.jpg,happy
test_06179.jpg,happy
test_06180.jpg,neutral
test_06181.jpg,sad
test_06182.jpg,happy
test_06183.jpg,neutral
test_06184.jpg,angry
test_06185.jpg,surprise
test_06186.jpg,happy
test_06187.jpg,surprise
test_06188.jpg,neutral
test_06189.jpg,happy
test_06190.jpg,surprise
test_06191.jpg,happy
test_06192.jpg,angry
test_06193.jpg,surprise
test_06194.jpg,neutral
test_06195.jpg,neutral
test_06196.jpg,surprise
test_06197.jpg,sad
test_06198.jpg,fear
test_06199.jpg,neutral
test_06200.jpg,neutral
test_06201.jpg,angry
test_06202.jpg,happy
test_06203.jpg,sad
test_06204.jpg,sad
test_06205.jpg,fear
test_06206.jpg,neutral
test_06207.jpg,happy
test_06208.jpg,sad
test_06209.jpg,neutral
test_06210.jpg,angry
test_06211.jpg,angry
test_06212.jpg,angry
test_06213.jpg,happy
test_06214.jpg,neutral
test_06215.jpg,happy
test_06216.jpg,angry
test_06217.jpg,angry
test_06218.jpg,happy
test_06219.jpg,neutral
test_06220.jpg,angry
test_06221.jpg,happy
test_06222.jpg,neutral
test_06223.jpg,surprise
test_06224.jpg,angry
test_06225.jpg,fear
test_06226.jpg,happy
test_06227.jpg,neutral
test_06228.jpg,happy
test_06229.jpg,angry
test_06230.jpg,surprise
test_06231.jpg,neutral
test_06232.jpg,happy
test_06233.jpg,angry
test_06234.jpg,happy
test_06235.jpg,happy
test_06236.jpg,happy
test_06237.jpg,surprise
test_06238.jpg,sad
test_06239.jpg,surprise
test_06240.jpg,surprise
test_06241.jpg,neutral
test_06242.jpg,happy
test_06243.jpg,fear
test_06244.jpg,fear
test_06245.jpg,neutral
test_06246.jpg,surprise
test_06247.jpg,sad
test_06248.jpg,neutral
test_06249.jpg,angry
test_06250.jpg,sad
test_06251.jpg,happy
test_06252.jpg,sad
test_06253.jpg,angry
test_06254.jpg,neutral
test_06255.jpg,happy
test_06256.jpg,sad
test_06257.jpg,surprise
test_06258.jpg,neutral
test_06259.jpg,fear
test_06260.jpg,surprise
test_06261.jpg,sad
test_06262.jpg,neutral
test_06263.jpg,sad
test_06264.jpg,angry
test_06265.jpg,surprise
test_06266.jpg,angry
test_06267.jpg,disgust
test_06268.jpg,angry
test_06269.jpg,neutral
test_06270.jpg,angry
test_06271.jpg,fear
test_06272.jpg,surprise
test_06273.jpg,surprise
test_06274.jpg,neutral
test_06275.jpg,sad
test_06276.jpg,surprise
test_06277.jpg,surprise
test_06278.jpg,neutral
test_06279.jpg,angry
test_06280.jpg,happy
test_06281.jpg,happy
test_06282.jpg,neutral
test_06283.jpg,surprise
test_06284.jpg,neutral
test_06285.jpg,surprise
test_06286.jpg,sad
test_06287.jpg,angry
test_06288.jpg,fear
test_06289.jpg,happy
test_06290.jpg,sad
test_06291.jpg,fear
test_06292.jpg,disgust
test_06293.jpg,happy
test_06294.jpg,neutral
test_06295.jpg,happy
test_06296.jpg,fear
test_06297.jpg,happy
test_06298.jpg,angry
test_06299.jpg,happy
test_06300.jpg,surprise
test_06301.jpg,neutral
test_06302.jpg,sad
test_06303.jpg,fear
test_06304.jpg,sad
test_06305.jpg,surprise
test_06306.jpg,neutral
test_06307.jpg,happy
test_06308.jpg,angry
test_06309.jpg,happy
test_06310.jpg,neutral
test_06311.jpg,sad
test_06312.jpg,happy
test_06313.jpg,happy
test_06314.jpg,neutral
test_06315.jpg,happy
test_06316.jpg,angry
test_06317.jpg,fear
test_06318.jpg,sad
test_06319.jpg,neutral
test_06320.jpg,fear
test_06321.jpg,neutral
test_06322.jpg,angry
test_06323.jpg,neutral
test_06324.jpg,fear
test_06325.jpg,happy
test_06326.jpg,happy
test_06327.jpg,happy
test_06328.jpg,surprise
test_06329.jpg,angry
test_06330.jpg,neutral
test_06331.jpg,neutral
test_06332.jpg,angry
test_06333.jpg,happy
test_06334.jpg,angry
test_06335.jpg,neutral
test_06336.jpg,neutral
test_06337.jpg,neutral
test_06338.jpg,disgust
test_06339.jpg,fear
test_06340.jpg,happy
test_06341.jpg,happy
test_06342.jpg,neutral
test_06343.jpg,surprise
test_06344.jpg,angry
test_06345.jpg,angry
test_06346.jpg,happy
test_06347.jpg,surprise
test_06348.jpg,surprise
test_06349.jpg,neutral
test_06350.jpg,angry
test_06351.jpg,surprise
test_06352.jpg,surprise
test_06353.jpg,sad
test_06354.jpg,fear
test_06355.jpg,happy
test_06356.jpg,angry
test_06357.jpg,happy
test_06358.jpg,fear
test_06359.jpg,happy
test_06360.jpg,angry
test_06361.jpg,angry
test_06362.jpg,fear
test_06363.jpg,sad
test_06364.jpg,neutral
test_06365.jpg,fear
test_06366.jpg,happy
test_06367.jpg,sad
test_06368.jpg,happy
test_06369.jpg,fear
test_06370.jpg,fear
test_06371.jpg,surprise
test_06372.jpg,surprise
test_06373.jpg,happy
test_06374.jpg,happy
test_06375.jpg,neutral
test_06376.jpg,surprise
test_06377.jpg,surprise
test_06378.jpg,happy
test_06379.jpg,sad
test_06380.jpg,neutral
test_06381.jpg,surprise
test_06382.jpg,angry
test_06383.jpg,happy
test_06384.jpg,disgust
test_06385.jpg,happy
test_06386.jpg,neutral
test_06387.jpg,angry
test_06388.jpg,sad
test_06389.jpg,happy
test_06390.jpg,happy
test_06391.jpg,angry
test_06392.jpg,fear
test_06393.jpg,sad
test_06394.jpg,happy
test_06395.jpg,sad
test_06396.jpg,happy
test_06397.jpg,disgust
test_06398.jpg,neutral
test_06399.jpg,sad
test_06400.jpg,surprise
test_06401.jpg,surprise
test_06402.jpg,happy
test_06403.jpg,neutral
test_06404.jpg,surprise
test_06405.jpg,sad
test_06406.jpg,sad
test_06407.jpg,neutral
test_06408.jpg,happy
test_06409.jpg,happy
test_06410.jpg,neutral
test_06411.jpg,angry
test_06412.jpg,sad
test_06413.jpg,fear
test_06414.jpg,happy
test_06415.jpg,disgust
test_06416.jpg,sad
test_06417.jpg,angry
test_06418.jpg,neutral
test_06419.jpg,sad
test_06420.jpg,fear
test_06421.jpg,fear
test_06422.jpg,neutral
test_06423.jpg,neutral
test_06424.jpg,fear
test_06425.jpg,happy
test_06426.jpg,angry
test_06427.jpg,surprise
test_06428.jpg,sad
test_06429.jpg,surprise
test_06430.jpg,neutral
test_06431.jpg,angry
test_06432.jpg,sad
test_06433.jpg,neutral
test_06434.jpg,fear
test_06435.jpg,fear
test_06436.jpg,disgust
test_06437.jpg,happy
test_06438.jpg,fear
test_06439.jpg,happy
test_06440.jpg,surprise
test_06441.jpg,happy
test_06442.jpg,neutral
test_06443.jpg,neutral
test_06444.jpg,fear
test_06445.jpg,sad
test_06446.jpg,sad
test_06447.jpg,happy
test_06448.jpg,neutral
test_06449.jpg,neutral
test_06450.jpg,surprise
test_06451.jpg,neutral
test_06452.jpg,sad
test_06453.jpg,fear
test_06454.jpg,neutral
test_06455.jpg,happy
test_06456.jpg,neutral
test_06457.jpg,surprise
test_06458.jpg,fear
test_06459.jpg,sad
test_06460.jpg,neutral
test_06461.jpg,sad
test_06462.jpg,neutral
test_06463.jpg,surprise
test_06464.jpg,sad
test_06465.jpg,neutral
test_06466.jpg,sad
test_06467.jpg,neutral
test_06468.jpg,happy
test_06469.jpg,happy
test_06470.jpg,fear
test_06471.jpg,surprise
test_06472.jpg,surprise
test_06473.jpg,neutral
test_06474.jpg,neutral
test_06475.jpg,happy
test_06476.jpg,fear
test_06477.jpg,happy
test_06478.jpg,happy
test_06479.jpg,happy
test_06480.jpg,surprise
test_06481.jpg,disgust
test_06482.jpg,happy
test_06483.jpg,neutral
test_06484.jpg,happy
test_06485.jpg,surprise
test_06486.jpg,fear
test_06487.jpg,neutral
test_06488.jpg,fear
test_06489.jpg,happy
test_06490.jpg,angry
test_06491.jpg,happy
test_06492.jpg,angry
test_06493.jpg,sad
test_06494.jpg,angry
test_06495.jpg,surprise
test_06496.jpg,surprise
test_06497.jpg,neutral
test_06498.jpg,neutral
test_06499.jpg,neutral
test_06500.jpg,neutral
test_06501.jpg,happy
test_06502.jpg,disgust
test_06503.jpg,sad
test_06504.jpg,neutral
test_06505.jpg,happy
test_06506.jpg,surprise
test_06507.jpg,neutral
test_06508.jpg,surprise
test_06509.jpg,surprise
test_06510.jpg,sad
test_06511.jpg,happy
test_06512.jpg,happy
test_06513.jpg,happy
test_06514.jpg,sad
test_06515.jpg,happy
test_06516.jpg,fear
test_06517.jpg,disgust
test_06518.jpg,surprise
test_06519.jpg,sad
test_06520.jpg,happy
test_06521.jpg,surprise
test_06522.jpg,happy
test_06523.jpg,sad
test_06524.jpg,happy
test_06525.jpg,neutral
test_06526.jpg,fear
test_06527.jpg,neutral
test_06528.jpg,happy
test_06529.jpg,neutral
test_06530.jpg,neutral
test_06531.jpg,sad
test_06532.jpg,disgust
test_06533.jpg,fear
test_06534.jpg,fear
test_06535.jpg,neutral
test_06536.jpg,happy
test_06537.jpg,sad
test_06538.jpg,sad
test_06539.jpg,fear
test_06540.jpg,angry
test_06541.jpg,neutral
test_06542.jpg,happy
test_06543.jpg,surprise
test_06544.jpg,happy
test_06545.jpg,surprise
test_06546.jpg,happy
test_06547.jpg,neutral
test_06548.jpg,sad
test_06549.jpg,angry
test_06550.jpg,fear
test_06551.jpg,sad
test_06552.jpg,happy
test_06553.jpg,surprise
test_06554.jpg,sad
test_06555.jpg,sad
test_06556.jpg,fear
test_06557.jpg,happy
test_06558.jpg,happy
test_06559.jpg,angry
test_06560.jpg,happy
test_06561.jpg,neutral
test_06562.jpg,surprise
test_06563.jpg,fear
test_06564.jpg,happy
test_06565.jpg,angry
test_06566.jpg,angry
test_06567.jpg,fear
test_06568.jpg,sad
test_06569.jpg,fear
test_06570.jpg,surprise
test_06571.jpg,happy
test_06572.jpg,surprise
test_06573.jpg,neutral
test_06574.jpg,neutral
test_06575.jpg,sad
test_06576.jpg,neutral
test_06577.jpg,angry
test_06578.jpg,angry
test_06579.jpg,neutral
test_06580.jpg,surprise
test_06581.jpg,neutral
test_06582.jpg,happy
test_06583.jpg,neutral
test_06584.jpg,sad
test_06585.jpg,sad
test_06586.jpg,fear
test_06587.jpg,happy
test_06588.jpg,happy
test_06589.jpg,sad
test_06590.jpg,fear
test_06591.jpg,sad
test_06592.jpg,angry
test_06593.jpg,angry
test_06594.jpg,neutral
test_06595.jpg,happy
test_06596.jpg,neutral
test_06597.jpg,happy
test_06598.jpg,angry
test_06599.jpg,happy
test_06600.jpg,happy
test_06601.jpg,fear
test_06602.jpg,sad
test_06603.jpg,sad
test_06604.jpg,happy
test_06605.jpg,angry
test_06606.jpg,sad
test_06607.jpg,neutral
test_06608.jpg,angry
test_06609.jpg,surprise
test_06610.jpg,happy
test_06611.jpg,neutral
test_06612.jpg,neutral
test_06613.jpg,sad
test_06614.jpg,happy
test_06615.jpg,sad
test_06616.jpg,angry
test_06617.jpg,fear
test_06618.jpg,sad
test_06619.jpg,fear
test_06620.jpg,happy
test_06621.jpg,neutral
test_06622.jpg,surprise
test_06623.jpg,surprise
test_06624.jpg,surprise
test_06625.jpg,neutral
test_06626.jpg,sad
test_06627.jpg,surprise
test_06628.jpg,sad
test_06629.jpg,disgust
test_06630.jpg,happy
test_06631.jpg,sad
test_06632.jpg,surprise
test_06633.jpg,sad
test_06634.jpg,sad
test_06635.jpg,angry
test_06636.jpg,happy
test_06637.jpg,surprise
test_06638.jpg,sad
test_06639.jpg,fear
test_06640.jpg,sad
test_06641.jpg,fear
test_06642.jpg,neutral
test_06643.jpg,angry
test_06644.jpg,neutral
test_06645.jpg,fear
test_06646.jpg,surprise
test_06647.jpg,happy
test_06648.jpg,happy
test_06649.jpg,neutral
test_06650.jpg,surprise
test_06651.jpg,fear
test_06652.jpg,angry
test_06653.jpg,surprise
test_06654.jpg,neutral
test_06655.jpg,sad
test_06656.jpg,angry
test_06657.jpg,sad
test_06658.jpg,neutral
test_06659.jpg,happy
test_06660.jpg,disgust
test_06661.jpg,neutral
test_06662.jpg,happy
test_06663.jpg,happy
test_06664.jpg,angry
test_06665.jpg,happy
test_06666.jpg,angry
test_06667.jpg,happy
test_06668.jpg,happy
test_06669.jpg,neutral
test_06670.jpg,fear
test_06671.jpg,neutral
test_06672.jpg,fear
test_06673.jpg,sad
test_06674.jpg,sad
test_06675.jpg,neutral
test_06676.jpg,neutral
test_06677.jpg,fear
test_06678.jpg,happy
test_06679.jpg,surprise
test_06680.jpg,angry
test_06681.jpg,surprise
test_06682.jpg,sad
test_06683.jpg,happy
test_06684.jpg,neutral
test_06685.jpg,happy
test_06686.jpg,happy
test_06687.jpg,sad
test_06688.jpg,neutral
test_06689.jpg,fear
test_06690.jpg,neutral
test_06691.jpg,happy
test_06692.jpg,neutral
test_06693.jpg,fear
test_06694.jpg,neutral
test_06695.jpg,fear
test_06696.jpg,surprise
test_06697.jpg,fear
test_06698.jpg,happy
test_06699.jpg,angry
test_06700.jpg,sad
test_06701.jpg,neutral
test_06702.jpg,angry
test_06703.jpg,neutral
test_06704.jpg,sad
test_06705.jpg,happy
test_06706.jpg,angry
test_06707.jpg,angry
test_06708.jpg,angry
test_06709.jpg,happy
test_06710.jpg,angry
test_06711.jpg,happy
test_06712.jpg,fear
test_06713.jpg,happy
test_06714.jpg,fear
test_06715.jpg,happy
test_06716.jpg,fear
test_06717.jpg,neutral
test_06718.jpg,angry
test_06719.jpg,disgust
test_06720.jpg,sad
test_06721.jpg,surprise
test_06722.jpg,neutral
test_06723.jpg,angry
test_06724.jpg,happy
test_06725.jpg,angry
test_06726.jpg,neutral
test_06727.jpg,sad
test_06728.jpg,fear
test_06729.jpg,sad
test_06730.jpg,sad
test_06731.jpg,neutral
test_06732.jpg,sad
test_06733.jpg,surprise
test_06734.jpg,sad
test_06735.jpg,happy
test_06736.jpg,sad
test_06737.jpg,disgust
test_06738.jpg,fear
test_06739.jpg,sad
test_06740.jpg,happy
test_06741.jpg,sad
test_06742.jpg,angry
test_06743.jpg,happy
test_06744.jpg,fear
test_06745.jpg,fear
test_06746.jpg,neutral
test_06747.jpg,fear
test_06748.jpg,happy
test_06749.jpg,sad
test_06750.jpg,happy
test_06751.jpg,sad
test_06752.jpg,happy
test_06753.jpg,angry
test_06754.jpg,neutral
test_06755.jpg,happy
test_06756.jpg,happy
test_06757.jpg,angry
test_06758.jpg,neutral
test_06759.jpg,disgust
test_06760.jpg,happy
test_06761.jpg,angry
test_06762.jpg,sad
test_06763.jpg,surprise
test_06764.jpg,sad
test_06765.jpg,neutral
test_06766.jpg,surprise
test_06767.jpg,fear
test_06768.jpg,surprise
test_06769.jpg,fear
test_06770.jpg,surprise
test_06771.jpg,fear
test_06772.jpg,surprise
test_06773.jpg,neutral
test_06774.jpg,happy
test_06775.jpg,surprise
test_06776.jpg,neutral
test_06777.jpg,neutral
test_06778.jpg,neutral
test_06779.jpg,neutral
test_06780.jpg,happy
test_06781.jpg,angry
test_06782.jpg,neutral
test_06783.jpg,neutral
test_06784.jpg,happy
test_06785.jpg,happy
test_06786.jpg,angry
test_06787.jpg,fear
test_06788.jpg,happy
test_06789.jpg,sad
test_06790.jpg,surprise
test_06791.jpg,happy
test_06792.jpg,fear
test_06793.jpg,neutral
test_06794.jpg,sad
test_06795.jpg,neutral
test_06796.jpg,happy
test_06797.jpg,angry
test_06798.jpg,happy
test_06799.jpg,angry
test_06800.jpg,neutral
test_06801.jpg,neutral
test_06802.jpg,surprise
test_06803.jpg,happy
test_06804.jpg,happy
test_06805.jpg,angry
test_06806.jpg,fear
test_06807.jpg,sad
test_06808.jpg,neutral
test_06809.jpg,sad
test_06810.jpg,neutral
test_06811.jpg,happy
test_06812.jpg,happy
test_06813.jpg,fear
test_06814.jpg,surprise
test_06815.jpg,sad
test_06816.jpg,surprise
test_06817.jpg,surprise
test_06818.jpg,happy
test_06819.jpg,neutral
test_06820.jpg,neutral
test_06821.jpg,neutral
test_06822.jpg,sad
test_06823.jpg,happy
test_06824.jpg,sad
test_06825.jpg,fear
test_06826.jpg,neutral
test_06827.jpg,happy
test_06828.jpg,neutral
test_06829.jpg,happy
test_06830.jpg,neutral
test_06831.jpg,surprise
test_06832.jpg,sad
test_06833.jpg,surprise
test_06834.jpg,surprise
test_06835.jpg,surprise
test_06836.jpg,happy
test_06837.jpg,neutral
test_06838.jpg,fear
test_06839.jpg,sad
test_06840.jpg,happy
test_06841.jpg,angry
test_06842.jpg,happy
test_06843.jpg,fear
test_06844.jpg,surprise
test_06845.jpg,angry
test_06846.jpg,fear
test_06847.jpg,sad
test_06848.jpg,happy
test_06849.jpg,sad
test_06850.jpg,happy
test_06851.jpg,neutral
test_06852.jpg,angry
test_06853.jpg,disgust
test_06854.jpg,neutral
test_06855.jpg,surprise
test_06856.jpg,neutral
test_06857.jpg,fear
test_06858.jpg,neutral
test_06859.jpg,neutral
test_06860.jpg,fear
test_06861.jpg,neutral
test_06862.jpg,sad
test_06863.jpg,surprise
test_06864.jpg,neutral
test_06865.jpg,fear
test_06866.jpg,neutral
test_06867.jpg,angry
test_06868.jpg,surprise
test_06869.jpg,sad
test_06870.jpg,neutral
test_06871.jpg,angry
test_06872.jpg,surprise
test_06873.jpg,neutral
test_06874.jpg,fear
test_06875.jpg,sad
test_06876.jpg,happy
test_06877.jpg,angry
test_06878.jpg,sad
test_06879.jpg,angry
test_06880.jpg,surprise
test_06881.jpg,fear
test_06882.jpg,fear
test_06883.jpg,surprise
test_06884.jpg,happy
test_06885.jpg,fear
test_06886.jpg,happy
test_06887.jpg,neutral
test_06888.jpg,angry
test_06889.jpg,neutral
test_06890.jpg,neutral
test_06891.jpg,angry
test_06892.jpg,sad
test_06893.jpg,fear
test_06894.jpg,sad
test_06895.jpg,happy
test_06896.jpg,neutral
test_06897.jpg,fear
test_06898.jpg,happy
test_06899.jpg,angry
test_06900.jpg,happy
test_06901.jpg,neutral
test_06902.jpg,disgust
test_06903.jpg,sad
test_06904.jpg,sad
test_06905.jpg,surprise
test_06906.jpg,neutral
test_06907.jpg,happy
test_06908.jpg,sad
test_06909.jpg,sad
test_06910.jpg,angry
test_06911.jpg,happy
test_06912.jpg,angry
test_06913.jpg,surprise
test_06914.jpg,happy
test_06915.jpg,surprise
test_06916.jpg,surprise
test_06917.jpg,fear
test_06918.jpg,surprise
test_06919.jpg,neutral
test_06920.jpg,sad
test_06921.jpg,fear
test_06922.jpg,neutral
test_06923.jpg,sad
test_06924.jpg,neutral
test_06925.jpg,sad
test_06926.jpg,sad
test_06927.jpg,surprise
test_06928.jpg,sad
test_06929.jpg,happy
test_06930.jpg,angry
test_06931.jpg,happy
test_06932.jpg,neutral
test_06933.jpg,neutral
test_06934.jpg,neutral
test_06935.jpg,happy
test_06936.jpg,happy
test_06937.jpg,neutral
test_06938.jpg,surprise
test_06939.jpg,surprise
test_06940.jpg,sad
test_06941.jpg,sad
test_06942.jpg,happy
test_06943.jpg,sad
test_06944.jpg,sad
test_06945.jpg,angry
test_06946.jpg,happy
test_06947.jpg,happy
test_06948.jpg,neutral
test_06949.jpg,sad
test_06950.jpg,neutral
test_06951.jpg,happy
test_06952.jpg,neutral
test_06953.jpg,fear
test_06954.jpg,angry
test_06955.jpg,neutral
test_06956.jpg,neutral
test_06957.jpg,surprise
test_06958.jpg,happy
test_06959.jpg,sad
test_06960.jpg,neutral
test_06961.jpg,surprise
test_06962.jpg,neutral
test_06963.jpg,neutral
test_06964.jpg,fear
test_06965.jpg,sad
test_06966.jpg,happy
test_06967.jpg,fear
test_06968.jpg,sad
test_06969.jpg,disgust
test_06970.jpg,surprise
test_06971.jpg,surprise
test_06972.jpg,neutral
test_06973.jpg,happy
test_06974.jpg,surprise
test_06975.jpg,sad
test_06976.jpg,fear
test_06977.jpg,happy
test_06978.jpg,fear
test_06979.jpg,angry
test_06980.jpg,surprise
test_06981.jpg,happy
test_06982.jpg,neutral
test_06983.jpg,neutral
test_06984.jpg,fear
test_06985.jpg,sad
test_06986.jpg,happy
test_06987.jpg,fear
test_06988.jpg,happy
test_06989.jpg,neutral
test_06990.jpg,disgust
test_06991.jpg,sad
test_06992.jpg,fear
test_06993.jpg,angry
test_06994.jpg,happy
test_06995.jpg,angry
test_06996.jpg,neutral
test_06997.jpg,fear
test_06998.jpg,happy
test_06999.jpg,happy
test_07000.jpg,fear
test_07001.jpg,happy
test_07002.jpg,angry
test_07003.jpg,happy
test_07004.jpg,neutral
test_07005.jpg,fear
test_07006.jpg,surprise
test_07007.jpg,sad
test_07008.jpg,happy
test_07009.jpg,sad
test_07010.jpg,angry
test_07011.jpg,happy
test_07012.jpg,happy
test_07013.jpg,neutral
test_07014.jpg,fear
test_07015.jpg,angry
test_07016.jpg,fear
test_07017.jpg,surprise
test_07018.jpg,neutral
test_07019.jpg,sad
test_07020.jpg,neutral
test_07021.jpg,neutral
test_07022.jpg,happy
test_07023.jpg,neutral
test_07024.jpg,angry
test_07025.jpg,fear
test_07026.jpg,angry
test_07027.jpg,angry
test_07028.jpg,sad
test_07029.jpg,neutral
test_07030.jpg,surprise
test_07031.jpg,happy
test_07032.jpg,neutral
test_07033.jpg,disgust
test_07034.jpg,neutral
test_07035.jpg,happy
test_07036.jpg,sad
test_07037.jpg,happy
test_07038.jpg,fear
test_07039.jpg,surprise
test_07040.jpg,surprise
test_07041.jpg,neutral
test_07042.jpg,happy
test_07043.jpg,neutral
test_07044.jpg,sad
test_07045.jpg,happy
test_07046.jpg,sad
test_07047.jpg,fear
test_07048.jpg,happy
test_07049.jpg,surprise
test_07050.jpg,happy
test_07051.jpg,happy
test_07052.jpg,happy
test_07053.jpg,happy
test_07054.jpg,surprise
test_07055.jpg,sad
test_07056.jpg,surprise
test_07057.jpg,happy
test_07058.jpg,sad
test_07059.jpg,neutral
test_07060.jpg,happy
test_07061.jpg,happy
test_07062.jpg,neutral
test_07063.jpg,happy
test_07064.jpg,neutral
test_07065.jpg,happy
test_07066.jpg,sad
test_07067.jpg,happy
test_07068.jpg,surprise
test_07069.jpg,neutral
test_07070.jpg,happy
test_07071.jpg,happy
test_07072.jpg,sad
test_07073.jpg,happy
test_07074.jpg,angry
test_07075.jpg,happy
test_07076.jpg,happy
test_07077.jpg,neutral
test_07078.jpg,sad
test_07079.jpg,surprise
test_07080.jpg,sad
test_07081.jpg,happy
test_07082.jpg,angry
test_07083.jpg,happy
test_07084.jpg,neutral
test_07085.jpg,happy
test_07086.jpg,angry
test_07087.jpg,sad
test_07088.jpg,happy
test_07089.jpg,neutral
test_07090.jpg,surprise
test_07091.jpg,fear
test_07092.jpg,angry
test_07093.jpg,surprise
test_07094.jpg,surprise
test_07095.jpg,angry
test_07096.jpg,neutral
test_07097.jpg,neutral
test_07098.jpg,happy
test_07099.jpg,happy
test_07100.jpg,fear
test_07101.jpg,happy
test_07102.jpg,sad
test_07103.jpg,happy
test_07104.jpg,angry
test_07105.jpg,fear
test_07106.jpg,angry
test_07107.jpg,neutral
test_07108.jpg,neutral
test_07109.jpg,happy
test_07110.jpg,neutral
test_07111.jpg,happy
test_07112.jpg,neutral
test_07113.jpg,neutral
test_07114.jpg,happy
test_07115.jpg,sad
test_07116.jpg,angry
test_07117.jpg,angry
test_07118.jpg,sad
test_07119.jpg,angry
test_07120.jpg,angry
test_07121.jpg,neutral
test_07122.jpg,happy
test_07123.jpg,happy
test_07124.jpg,fear
test_07125.jpg,fear
test_07126.jpg,fear
test_07127.jpg,happy
test_07128.jpg,angry
test_07129.jpg,angry
test_07130.jpg,neutral
test_07131.jpg,neutral
test_07132.jpg,neutral
test_07133.jpg,happy
test_07134.jpg,fear
test_07135.jpg,sad
test_07136.jpg,surprise
test_07137.jpg,happy
test_07138.jpg,fear
test_07139.jpg,sad
test_07140.jpg,happy
test_07141.jpg,neutral
test_07142.jpg,sad
test_07143.jpg,happy
test_07144.jpg,happy
test_07145.jpg,fear
test_07146.jpg,angry
test_07147.jpg,sad
test_07148.jpg,neutral
test_07149.jpg,happy
test_07150.jpg,happy
test_07151.jpg,sad
test_07152.jpg,happy
test_07153.jpg,happy
test_07154.jpg,neutral
test_07155.jpg,fear
test_07156.jpg,surprise
test_07157.jpg,neutral
test_07158.jpg,surprise
test_07159.jpg,neutral
test_07160.jpg,happy
test_07161.jpg,happy
test_07162.jpg,sad
test_07163.jpg,neutral
test_07164.jpg,neutral
test_07165.jpg,sad
test_07166.jpg,angry
test_07167.jpg,happy
test_07168.jpg,sad
test_07169.jpg,happy
test_07170.jpg,happy
test_07171.jpg,happy
test_07172.jpg,fear
test_07173.jpg,neutral
test_07174.jpg,happy
test_07175.jpg,sad
test_07176.jpg,sad
test_07177.jpg,neutral
test_07178.jpg,angry
